Acton Town,0,0,0,0,0,0,0,0,0,0,0,16,22,26,37,53,72,86,107,142,195,235,258,302,360,381,342,283,229,189,151,122,110,111,108,102,101,99,93,89,97,104,97,91,94,96,92,87,90,95,95,106,133,165,170,173,168,165,148,157,170,174,163,158,158,142,120,101,94,84,70,63,57,54,45,43,44,43,34,30,31,29,23,21,22,24,20,15,12,8,5,3,1,0,0,0
Aldgate,0,0,0,0,0,0,0,0,0,0,0,3,8,13,9,12,10,30,41,69,88,122,136,173,227,289,319,294,225,151,104,76,67,67,67,64,64,69,73,82,92,99,100,107,112,112,102,107,111,112,102,114,126,144,145,193,229,263,275,460,614,756,725,685,543,446,335,271,220,176,135,110,94,85,85,83,74,63,56,53,52,47,44,43,44,42,36,29,18,8,2,0,0,0,0,0
Aldgate East,0,0,0,0,0,0,0,0,0,0,0,1,3,10,14,18,28,41,49,56,73,97,126,166,224,283,295,269,232,217,195,171,152,153,149,143,145,153,156,160,171,184,189,204,213,221,214,219,215,220,216,229,247,269,276,326,370,410,405,537,617,667,579,571,520,465,363,299,256,223,191,178,165,159,150,150,142,137,127,123,123,124,115,114,114,112,99,85,65,42,17,4,0,0,0,0
Alperton,0,0,0,0,0,0,0,0,0,0,0,0,17,25,34,35,47,59,77,107,133,144,145,181,211,204,159,130,111,95,75,66,62,59,51,47,46,46,45,44,45,46,48,49,49,48,47,50,52,50,46,47,47,47,50,55,57,60,63,70,79,83,80,75,73,68,57,47,41,38,34,30,26,23,25,24,21,16,15,15,16,15,12,11,11,11,9,5,3,2,2,1,1,0,0,0
Amersham,0,0,0,0,0,0,0,0,0,0,0,0,5,6,22,31,56,87,110,147,184,231,232,267,235,162,70,50,55,57,53,43,36,31,32,32,32,29,27,25,24,26,27,25,23,23,21,19,18,17,23,26,24,18,64,90,79,39,39,42,47,46,40,36,31,25,18,16,14,12,9,7,6,6,4,5,5,5,5,6,5,4,4,5,4,3,2,1,1,1,0,0,0,0,0,0
Angel,0,0,0,0,0,0,0,0,0,0,0,0,0,1,9,20,36,61,88,120,167,224,273,337,427,518,525,475,400,351,282,224,192,195,198,202,211,225,225,242,270,293,286,302,331,340,316,313,322,330,324,369,412,446,459,572,655,690,633,755,857,941,883,907,866,793,653,566,506,447,381,356,341,332,325,331,345,336,343,388,411,366,331,351,371,353,317,266,204,118,44,11,4,3,0,0
Archway,0,0,0,0,0,0,0,0,0,0,0,0,0,7,17,32,51,73,105,153,214,285,359,458,562,617,577,509,453,390,299,223,189,184,169,154,153,160,150,144,151,161,158,149,150,152,143,131,132,145,150,157,173,189,188,196,217,232,221,242,273,285,249,234,225,206,171,148,137,123,107,96,94,88,78,69,64,60,55,54,54,51,43,42,46,44,35,27,19,10,3,2,2,0,0,0
Arnos Grove,0,0,0,0,0,0,0,0,0,0,0,0,15,18,28,40,60,84,107,140,179,217,253,311,362,359,307,262,226,188,147,122,109,99,89,83,83,76,70,71,78,77,71,69,70,68,61,58,61,59,56,54,62,74,82,83,81,83,84,87,100,113,111,98,92,90,79,68,58,49,39,33,29,28,29,26,24,21,19,20,20,17,13,14,15,12,9,6,3,0,0,1,0,0,0,0
Arsenal,0,0,0,0,0,0,0,0,0,0,0,0,2,6,10,13,21,33,43,54,78,121,168,221,281,325,304,269,218,172,114,85,66,62,59,52,51,55,54,49,49,52,49,45,46,49,46,45,43,44,42,43,44,49,49,51,53,57,56,65,73,76,65,61,59,58,53,49,44,38,32,28,24,22,18,17,16,17,16,14,13,14,14,13,13,13,12,11,7,3,1,0,0,0,0,0
Baker Street,0,0,0,0,0,0,0,0,0,0,0,14,18,23,27,33,56,102,152,207,245,348,462,632,729,858,828,703,542,474,406,359,334,351,346,368,392,443,450,468,476,516,543,605,638,652,603,583,579,618,616,644,646,713,770,911,984,1040,1002,1190,1381,1654,1695,1691,1511,1352,1139,1033,839,751,618,569,544,513,495,494,458,401,372,360,342,317,289,289,293,287,253,208,148,92,41,13,0,0,0,0
Balham,0,0,0,0,0,0,0,0,0,0,0,0,6,12,29,58,106,172,223,295,406,564,765,972,1176,1188,1089,859,681,506,398,291,241,219,204,170,170,174,178,166,169,163,163,153,160,159,159,141,145,143,144,136,160,165,168,158,185,202,220,218,255,274,300,304,320,315,297,259,217,188,164,141,123,105,92,84,83,84,79,77,78,78,77,77,76,70,61,50,34,17,7,5,2,0,0,0
Bank & Monument,0,0,0,0,0,0,0,0,0,0,0,0,0,14,17,28,50,93,139,240,357,482,583,718,842,971,1016,986,861,742,617,538,493,506,507,503,498,545,578,667,750,828,811,796,792,816,796,801,831,877,868,915,983,1088,1112,1297,1496,1730,1831,2665,3676,4689,4952,5097,4832,4426,3731,3118,2592,2118,1683,1404,1217,1063,921,832,797,756,671,601,544,512,461,442,449,447,410,331,245,142,54,5,0,2,0,0
Barbican,0,0,0,0,0,0,0,0,0,0,0,3,5,6,6,9,15,21,27,36,50,60,70,92,124,161,170,162,137,125,110,100,94,103,106,106,108,117,118,135,157,178,183,192,194,194,183,186,195,208,203,213,233,264,271,340,408,447,426,565,672,808,831,863,748,645,514,437,375,321,262,238,218,197,171,155,151,176,226,270,244,196,161,158,138,112,87,65,46,24,9,2,0,0,0,0
Barking,0,0,0,0,0,0,0,0,0,0,0,29,50,74,91,172,361,530,611,657,715,700,725,829,941,904,797,674,586,511,437,372,326,311,290,277,275,272,251,248,253,262,258,262,266,261,250,249,258,263,258,256,260,262,263,285,307,312,318,391,446,443,391,379,361,328,272,237,217,198,167,153,149,138,128,120,115,107,103,96,104,105,88,69,62,58,44,26,9,1,1,1,1,0,0,0
Barkingside,0,0,0,0,0,0,0,0,0,0,0,0,9,10,15,21,33,40,48,64,76,80,99,132,141,120,92,70,47,35,29,28,24,22,20,17,16,16,17,16,15,15,15,16,15,16,15,14,13,14,14,13,13,15,20,26,27,23,21,27,35,35,28,22,20,16,11,9,8,8,6,5,6,8,7,5,4,4,3,3,3,2,2,3,3,2,1,1,0,0,0,0,0,0,0,0
Barons Court,0,0,0,0,0,0,0,0,0,0,0,1,3,6,12,20,31,46,68,101,151,202,270,370,488,560,520,419,312,253,196,153,125,121,115,109,107,111,111,112,123,143,151,143,136,135,122,113,111,120,124,140,153,171,171,190,210,246,246,286,303,327,306,314,294,260,202,163,138,122,105,102,94,88,75,82,78,65,47,44,39,34,28,27,27,25,21,19,13,7,2,1,0,0,0,0
Bayswater,0,0,0,0,0,0,0,0,0,0,0,2,6,8,8,11,14,21,23,28,40,60,76,97,127,155,164,160,152,180,204,217,199,185,161,141,128,117,106,99,97,97,90,89,95,102,103,101,102,104,106,108,111,116,118,122,124,126,121,134,148,154,144,152,157,155,138,130,118,107,92,90,92,94,87,82,75,72,68,71,72,68,61,59,62,61,55,43,28,13,5,0,0,1,0,0
Becontree,0,0,0,0,0,0,0,0,0,0,0,18,26,37,46,64,112,160,172,172,177,185,184,221,243,228,178,152,137,117,88,75,67,67,61,58,57,55,50,46,48,50,48,43,43,43,41,38,39,40,39,37,36,45,52,53,50,52,52,53,58,59,52,47,46,41,35,33,33,27,20,17,17,17,15,15,17,17,15,12,11,10,7,7,7,6,3,2,1,0,0,0,0,0,0,0
Belsize Park,0,0,0,0,0,0,0,0,0,0,0,0,0,4,7,14,27,45,56,66,89,128,188,256,340,389,385,338,286,233,182,149,129,124,120,117,116,118,118,120,124,135,138,132,126,125,121,115,117,118,115,127,140,148,144,174,202,215,200,237,277,298,259,231,205,193,169,149,133,116,95,86,85,89,84,72,57,46,38,36,39,39,34,34,35,35,34,32,21,9,2,2,2,0,0,0
Bermondsey,0,0,0,0,0,0,0,0,0,0,0,0,0,38,39,51,72,110,134,172,222,279,318,362,449,538,551,469,388,338,267,189,148,151,144,128,118,121,117,110,109,116,118,113,113,116,116,114,119,127,123,120,129,152,179,203,224,246,253,263,273,297,296,309,307,284,229,187,164,149,127,108,99,97,88,79,80,82,83,81,85,81,71,59,53,50,46,37,28,19,10,5,0,0,0,0
Bethnal Green,0,0,0,0,0,0,0,0,0,0,0,0,0,15,41,69,101,146,181,223,291,382,461,574,739,838,798,729,716,687,561,418,335,336,320,287,274,293,287,271,262,272,268,263,263,276,270,259,263,280,278,269,300,351,374,377,391,415,421,453,501,530,503,477,459,436,377,332,304,286,245,213,200,199,188,172,165,157,146,138,137,134,127,122,128,129,119,107,89,57,21,4,0,0,0,0
Blackfriars,0,0,0,0,0,0,0,0,0,0,0,0,3,5,5,9,21,30,40,50,95,136,170,218,290,380,397,377,307,253,191,142,130,118,116,104,107,105,103,115,130,146,141,141,139,146,139,144,147,154,146,160,171,190,199,240,271,305,306,420,518,704,786,841,750,669,557,481,413,341,274,235,200,175,156,143,131,122,114,109,100,98,90,88,85,85,70,53,34,17,6,0,0,0,0,0
Blackhorse Road,0,0,0,0,0,0,0,0,0,0,0,0,34,59,81,109,164,238,318,412,476,466,447,474,554,554,496,429,402,347,266,201,177,165,149,132,130,126,117,110,115,117,110,106,113,114,103,98,102,104,95,94,101,109,108,120,139,154,144,151,158,172,159,151,139,129,115,101,92,79,68,60,57,53,52,48,45,42,40,41,43,39,29,24,22,20,19,15,8,3,1,1,1,0,0,0
Bond Street,0,0,0,0,0,0,0,0,0,0,0,0,6,11,15,21,28,37,46,65,80,95,112,136,163,197,212,213,208,224,234,242,253,282,303,330,363,407,439,492,552,606,634,654,703,758,790,816,852,894,902,946,996,1057,1095,1221,1327,1430,1459,1726,1976,2300,2440,2578,2532,2376,2078,1820,1650,1470,1256,1134,1083,1027,918,866,872,877,799,742,717,673,548,459,432,406,335,270,222,146,59,5,0,0,0,0
Borough,0,0,0,0,0,0,0,0,0,0,0,0,0,3,6,8,12,22,32,43,52,66,84,107,132,163,170,156,131,125,106,89,74,79,76,71,67,74,74,74,77,85,87,93,95,98,89,81,78,89,92,97,102,118,121,142,161,187,188,237,255,291,285,294,255,225,182,150,129,112,95,85,78,73,65,63,60,62,57,55,50,48,44,43,43,42,42,37,29,16,7,1,0,0,0,0
Boston Manor,0,0,0,0,0,0,0,0,0,0,0,8,10,11,11,17,26,35,43,51,66,86,111,137,156,151,126,98,80,67,53,43,34,34,31,32,32,31,28,29,30,32,34,39,38,35,30,28,30,30,30,29,36,43,47,46,47,47,49,52,60,68,70,65,58,51,43,34,28,23,20,19,16,14,12,12,12,10,8,7,7,8,7,5,5,5,5,3,1,1,0,0,0,0,0,0
Bounds Green,0,0,0,0,0,0,0,0,0,0,0,0,19,31,43,62,97,133,189,255,303,307,332,413,515,526,455,394,360,301,217,167,145,139,125,119,115,114,104,101,104,105,97,92,92,92,86,82,84,85,79,76,77,83,87,92,98,102,98,102,113,121,115,109,109,107,95,80,71,65,59,54,49,43,36,32,29,26,25,24,25,22,20,18,17,16,15,12,9,5,4,3,2,0,0,0
Bow Road,0,0,0,0,0,0,0,0,0,0,0,0,5,16,24,30,48,69,84,100,134,182,241,324,448,519,481,389,313,250,178,133,112,112,103,90,90,96,92,80,79,81,81,79,82,83,80,75,75,81,82,83,91,106,108,110,115,119,112,122,136,133,113,110,117,110,91,78,72,67,58,52,46,44,38,35,31,30,26,27,30,31,28,27,26,23,19,16,11,6,2,1,0,0,0,0
Brent Cross,0,0,0,0,0,0,0,0,0,0,0,0,0,8,10,18,28,39,52,64,73,86,104,125,146,166,153,124,98,86,69,55,48,45,40,38,39,38,32,34,38,43,40,40,39,38,37,38,41,40,35,35,39,43,44,44,45,49,49,50,52,61,64,62,59,56,48,37,33,30,25,23,27,30,25,17,16,18,16,13,12,13,11,10,9,8,7,6,4,2,1,1,0,0,0,0
Brixton,0,0,0,0,0,0,0,0,0,0,0,0,45,77,105,123,218,340,448,536,723,954,1174,1453,1999,2507,2489,2074,1625,1328,980,704,526,479,442,386,373,389,384,343,327,341,346,330,338,361,357,326,317,320,309,292,304,323,327,337,383,434,452,467,525,568,549,502,486,467,423,369,335,302,267,232,210,197,185,180,176,175,161,151,162,212,279,487,560,438,207,160,123,61,11,0,0,0,0,0
Bromley-by-Bow,0,0,0,0,0,0,0,0,0,0,0,0,3,12,19,25,38,49,50,50,67,86,100,131,177,199,176,143,116,101,80,65,55,56,55,51,49,47,42,40,43,47,46,43,42,43,43,43,44,47,46,52,59,65,64,74,86,91,92,109,116,106,87,82,78,70,56,50,48,44,37,33,30,26,24,23,22,20,17,15,13,12,9,8,12,16,13,8,6,4,2,1,0,0,0,0
Buckhurst Hill,0,0,0,0,0,0,0,0,0,0,0,0,6,8,15,29,50,58,66,88,113,141,184,247,274,243,179,130,94,71,61,54,41,36,33,31,31,30,27,24,23,25,24,24,24,22,17,19,22,22,18,18,19,21,22,24,25,28,31,36,36,34,31,33,31,28,22,19,17,14,11,11,12,12,8,8,9,9,7,6,6,7,6,5,4,5,5,3,2,1,0,0,0,0,0,0
Burnt Oak,0,0,0,0,0,0,0,0,0,0,0,0,13,30,50,68,120,163,192,207,222,236,260,312,345,330,266,219,180,151,116,97,83,77,69,66,66,68,62,61,61,61,62,63,63,59,54,50,50,49,46,46,50,52,52,56,64,65,59,60,81,90,76,57,54,52,45,41,38,34,29,26,25,23,19,17,17,16,15,15,15,13,10,8,7,7,6,5,3,2,2,2,1,0,0,0
Caledonian Road,0,0,0,0,0,0,0,0,0,0,0,0,0,8,12,21,32,48,59,72,97,137,179,226,298,367,363,303,248,224,185,141,113,116,116,103,93,98,99,96,95,100,97,94,93,98,92,86,84,91,90,89,93,109,116,137,151,174,167,200,225,248,215,205,190,172,135,118,106,94,76,67,64,63,55,48,48,47,44,46,48,43,34,30,31,33,29,21,14,9,4,1,0,0,0,0
Camden Town,0,0,0,0,0,0,0,0,0,0,0,0,0,6,14,25,34,49,66,106,162,200,212,235,307,377,382,337,293,269,233,202,182,185,189,190,201,219,232,249,278,306,321,337,360,384,394,407,421,440,444,461,480,503,517,572,624,653,633,700,772,842,836,923,956,895,729,629,546,466,389,349,310,285,259,254,246,246,247,266,280,309,368,428,446,407,369,336,280,161,51,1,0,0,0,0
Canada Water,0,0,0,0,0,0,0,0,0,0,0,0,0,53,61,73,95,138,178,214,270,355,436,524,694,859,879,758,627,512,384,274,216,208,197,177,177,183,175,161,160,166,170,164,165,167,162,154,160,167,159,145,145,155,171,181,189,204,210,218,242,264,253,237,243,239,214,184,166,149,132,116,110,106,94,83,80,82,79,74,72,70,64,54,55,57,53,42,28,15,6,3,0,0,0,0
Canary Wharf,0,0,0,0,0,0,0,0,0,0,0,0,16,34,62,101,145,162,179,247,350,420,479,555,731,888,905,760,637,557,475,402,377,382,377,375,393,427,446,490,548,589,571,552,574,597,577,575,620,662,650,710,805,892,905,1215,1509,1767,1790,2808,3909,4807,4795,4917,4736,4413,3761,3224,2746,2300,1812,1516,1309,1118,935,823,742,640,546,503,488,447,390,391,396,373,309,250,173,96,40,14,6,0,0,0
Canning Town,0,0,0,0,0,0,0,0,0,0,0,20,70,122,138,168,226,298,357,413,470,460,402,378,449,503,469,384,333,301,250,203,190,185,170,155,154,155,143,130,126,134,132,129,126,137,138,134,131,134,132,131,140,149,151,153,166,185,192,202,213,218,204,188,186,180,168,148,134,114,98,89,84,82,78,73,65,63,60,61,60,62,54,44,36,33,26,19,14,9,5,3,2,0,0,0
Cannon Street,0,0,0,0,0,0,0,0,0,0,0,0,0,3,3,3,2,4,17,67,141,196,232,258,292,324,353,353,328,270,193,130,108,101,97,79,74,72,79,79,85,88,90,83,80,79,83,78,78,78,82,83,87,88,85,93,108,121,121,171,234,298,311,331,322,302,254,215,181,146,113,91,77,64,48,35,0,0,0,0,0,0,0,0,0,0,0,0,0,0,0,0,0,0,0,0
Canons Park,0,0,0,0,0,0,0,0,0,0,0,0,4,9,16,22,36,50,68,82,104,133,185,230,248,223,175,127,93,79,69,62,48,42,39,40,38,34,32,33,33,31,29,29,27,26,26,25,24,23,25,26,25,26,30,35,47,50,44,37,40,41,39,39,37,32,26,23,21,18,14,13,12,11,9,8,7,6,6,6,6,6,6,5,5,6,5,3,2,0,0,0,0,0,0,0
Chalfont & Latimer,0,0,0,0,0,0,0,0,0,0,0,0,3,4,9,12,35,59,70,75,97,125,139,128,112,83,62,35,39,35,36,22,20,15,15,12,15,16,22,19,20,16,17,13,17,18,14,15,18,23,17,18,14,18,83,108,78,16,27,32,44,42,44,33,30,23,19,15,8,3,5,8,9,5,4,2,2,3,3,3,4,5,4,1,2,1,1,1,0,0,0,0,0,0,0,0
Chalk Farm,0,0,0,0,0,0,0,0,0,0,0,0,0,2,9,14,23,36,53,70,95,123,153,188,246,301,305,272,226,198,154,125,101,96,87,82,85,89,85,80,80,84,84,85,86,87,84,82,84,88,87,91,97,105,106,115,122,136,140,156,163,179,170,191,205,202,166,141,125,106,94,86,83,75,67,70,80,81,71,71,88,112,140,151,134,100,76,66,45,21,4,2,0,0,0,0
Chancery Lane,0,0,0,0,0,0,0,0,0,0,0,0,0,0,6,13,17,17,17,29,38,47,51,61,74,99,114,118,116,126,130,137,142,162,173,187,191,215,233,274,319,363,384,393,398,396,379,364,361,380,374,389,405,459,484,575,639,779,817,1024,1113,1385,1464,1555,1382,1261,1045,885,727,595,477,416,375,329,289,271,257,230,210,219,214,190,157,155,155,154,129,103,79,48,15,0,0,0,0,0
Charing Cross,0,0,0,0,0,0,0,0,0,0,0,1,0,7,30,59,72,116,165,204,310,421,506,505,685,915,1024,864,651,500,402,342,311,297,283,276,260,268,274,295,297,317,320,329,334,347,339,340,355,375,372,378,388,407,415,456,491,537,535,602,651,733,774,824,774,701,614,548,476,426,378,355,338,322,310,311,314,313,285,342,455,494,395,301,279,258,223,173,122,64,18,0,0,0,0,0
Chesham,0,0,0,0,0,0,0,0,0,0,0,0,5,2,6,7,33,32,56,28,98,79,133,76,89,24,39,14,20,13,18,14,15,10,12,10,11,8,9,6,8,6,8,6,7,6,7,6,7,7,7,7,8,5,23,31,29,11,13,11,16,13,16,11,12,6,8,6,7,4,3,2,4,3,3,2,4,3,2,1,2,1,2,2,2,1,1,1,0,0,0,0,0,0,0,0
Chigwell,0,0,0,0,0,0,0,0,0,0,0,0,0,0,0,2,12,15,23,23,32,46,71,79,77,67,46,26,15,12,9,8,7,7,6,6,6,7,7,7,7,7,7,7,7,6,5,6,6,7,7,8,4,11,25,28,24,21,21,16,14,11,9,8,6,5,4,3,3,3,2,2,2,2,2,2,2,2,2,1,1,1,1,1,1,1,0,0,1,1,0,0,0,1,0,0
Chiswick Park,0,0,0,0,0,0,0,0,0,0,0,3,3,3,3,8,13,19,27,39,57,81,110,142,157,144,116,94,75,57,42,34,30,29,27,28,28,28,28,30,31,32,32,31,32,32,29,28,31,31,30,29,32,33,35,42,48,53,54,72,86,104,108,126,119,100,69,56,47,39,30,26,25,22,17,16,18,16,14,13,14,14,13,12,11,10,9,7,4,2,1,1,0,0,0,0
Chorleywood,0,0,0,0,0,0,0,0,0,0,0,0,3,4,6,7,15,30,49,58,93,112,159,149,133,73,60,36,30,28,32,26,20,13,21,22,20,12,13,11,11,9,11,12,13,11,9,9,11,10,10,12,13,9,10,39,50,35,10,15,26,25,20,13,17,14,8,9,11,9,4,6,6,5,2,2,3,3,3,3,2,1,3,4,4,2,2,1,1,1,1,0,0,0,0,0
Clapham Common,0,0,0,0,0,0,0,0,0,0,0,0,5,15,26,35,63,108,154,203,276,374,482,577,611,554,485,445,403,332,248,183,146,141,128,115,114,121,118,114,120,130,128,120,121,123,113,110,113,119,114,115,118,125,127,139,155,176,180,213,239,260,250,255,244,226,194,171,155,142,120,111,104,102,103,103,94,84,82,84,87,85,78,80,91,100,97,83,55,26,10,5,2,0,0,0
Clapham North,0,0,0,0,0,0,0,0,0,0,0,0,3,10,17,27,47,82,119,171,221,278,323,346,315,272,252,256,239,206,159,122,97,91,83,75,72,75,71,65,65,70,68,65,66,69,66,63,65,70,65,63,64,71,71,80,85,95,90,110,122,137,121,130,128,132,117,110,99,93,79,76,70,63,51,48,48,50,48,48,48,49,45,45,44,44,39,34,23,13,4,2,0,0,0,0
Clapham South,0,0,0,0,0,0,0,0,0,0,0,0,7,17,26,43,85,133,180,248,340,456,622,825,901,814,683,579,457,336,245,183,151,142,129,111,107,104,101,99,105,107,98,94,100,100,88,83,82,88,88,84,86,107,147,181,177,136,108,123,146,156,144,152,158,155,132,118,109,97,82,71,66,60,51,51,52,48,38,37,39,39,34,31,30,30,27,24,16,7,2,2,1,0,0,0
Cockfosters,0,0,0,0,0,0,0,0,0,0,0,3,5,7,10,16,33,46,52,53,65,80,103,129,131,111,87,80,68,66,62,60,49,45,42,43,44,44,43,41,38,35,32,32,33,33,30,28,27,25,24,26,29,29,30,32,35,37,38,44,48,49,44,41,36,31,24,20,18,15,12,10,9,9,9,8,7,7,6,6,7,8,6,6,6,6,4,3,0,0,0,0,0,0,0,0
Colindale,0,0,0,0,0,0,0,0,0,0,0,0,6,17,32,45,64,95,125,159,189,222,250,311,369,370,297,223,179,156,128,107,93,86,81,78,79,74,68,68,73,76,74,76,77,77,71,71,72,78,85,96,104,106,105,111,113,118,123,147,156,160,153,150,121,88,64,56,51,42,34,30,29,29,29,27,26,26,23,23,23,22,18,18,15,12,9,8,5,2,1,1,0,0,0,0
Colliers Wood,0,0,0,0,0,0,0,0,0,0,0,3,21,38,42,54,85,122,175,248,324,383,434,531,618,596,467,352,281,217,167,134,119,106,94,89,91,89,83,82,87,90,84,78,79,81,77,73,75,75,73,73,79,80,77,80,88,92,89,95,105,113,116,113,108,100,91,80,75,68,58,51,48,42,35,34,34,33,31,33,30,29,25,22,16,16,15,12,6,2,1,1,1,0,0,0
Covent Garden,0,0,0,0,0,0,0,0,0,0,0,0,0,0,3,4,5,6,7,9,13,17,19,23,31,45,49,53,54,63,70,80,91,107,121,134,145,161,177,197,221,246,259,276,298,324,347,371,395,417,428,449,473,488,487,527,556,572,553,598,624,688,714,770,762,732,649,626,592,543,471,467,460,435,395,416,434,447,418,524,740,936,815,588,439,404,364,338,368,249,95,0,0,0,0,0
Croxley,0,0,0,0,0,0,0,0,0,0,0,0,4,4,9,11,18,30,48,62,71,95,122,130,113,85,60,42,27,22,19,19,15,14,12,10,10,9,8,8,9,8,8,8,8,9,9,8,7,7,6,7,6,15,50,76,60,26,14,18,20,17,17,17,16,13,11,9,7,6,5,4,2,2,2,2,2,2,2,2,3,3,2,2,3,2,1,1,0,0,0,0,0,0,0,0
Dagenham East,0,0,0,0,0,0,0,0,0,0,0,21,20,22,30,56,93,118,120,132,140,156,177,210,207,174,129,105,92,80,66,58,53,50,49,44,41,39,36,34,37,38,38,36,35,32,33,34,35,35,36,35,37,40,43,46,48,47,43,45,50,51,47,42,39,34,30,29,28,22,18,15,16,16,14,13,11,12,12,13,12,10,7,7,6,7,4,2,1,1,0,0,0,0,0,0
Dagenham Heathway,0,0,0,0,0,0,0,0,0,0,0,34,43,58,82,123,200,249,255,248,250,263,286,323,328,291,230,186,168,163,144,125,108,106,98,95,97,97,92,88,90,92,90,86,85,88,86,84,86,93,91,88,92,101,107,110,110,109,111,114,120,121,120,111,98,80,68,66,64,58,48,45,42,37,33,34,36,33,27,26,25,21,16,15,15,12,11,11,11,9,6,4,0,0,0,0
Debden,0,0,0,0,0,0,0,0,0,0,0,6,10,17,23,37,56,69,87,101,128,143,178,184,182,156,129,88,59,55,52,47,37,35,33,32,31,29,28,28,30,42,50,47,36,32,30,32,33,47,60,76,75,75,76,88,80,76,85,109,101,91,72,67,56,52,38,28,24,22,17,16,15,13,12,12,14,11,8,6,6,5,5,5,6,6,5,3,1,1,1,0,0,1,0,0
Dollis Hill,0,0,0,0,0,0,0,0,0,0,0,2,7,11,18,28,41,50,68,101,139,166,186,223,263,265,232,187,156,132,110,89,77,75,71,69,70,68,62,64,69,71,65,66,70,68,60,58,63,66,64,71,82,86,84,87,95,104,115,132,135,123,103,103,106,98,77,67,62,55,49,46,42,40,45,46,42,35,32,28,21,16,14,13,12,12,10,8,7,5,3,0,0,0,0,0
Ealing Broadway,0,0,0,0,0,0,0,0,0,0,0,8,29,51,69,120,199,276,356,504,624,751,919,1172,1321,1292,1107,912,734,586,445,361,308,289,260,249,252,258,253,245,257,270,272,271,283,280,263,249,256,258,255,251,267,276,281,323,410,469,463,475,549,607,623,595,558,481,403,332,288,250,209,183,168,150,129,119,121,117,106,97,95,89,78,73,73,72,57,35,14,5,3,2,1,1,0,0
Ealing Common,0,0,0,0,0,0,0,0,0,0,0,5,7,9,12,23,37,47,60,89,117,141,183,241,270,253,211,173,140,115,89,74,63,56,50,48,46,46,44,44,43,43,44,44,46,48,45,44,46,46,43,41,47,71,95,91,71,65,71,79,91,100,105,105,103,88,75,63,58,51,41,34,32,30,27,25,25,25,23,21,20,19,17,16,16,15,12,8,5,3,2,2,2,0,0,0
Earl's Court,0,0,0,0,0,0,0,0,0,0,0,3,22,26,37,61,90,129,170,228,319,433,544,679,874,1024,987,830,692,670,632,573,510,490,454,408,385,369,341,324,324,331,318,311,317,329,322,316,324,336,336,353,381,405,406,459,510,563,566,638,683,714,679,697,706,683,583,506,461,416,349,318,302,278,241,226,216,193,207,284,318,259,192,193,201,196,168,149,116,75,31,12,2,0,0,0
East Acton,0,0,0,0,0,0,0,0,0,0,0,0,4,12,20,29,39,53,67,88,115,133,144,176,225,249,219,173,145,131,106,82,76,79,73,67,69,71,70,64,62,64,64,62,63,63,60,55,56,56,56,59,67,71,76,92,110,114,109,117,136,141,125,103,91,83,71,60,54,51,47,44,43,39,33,27,25,23,20,17,18,17,15,14,14,11,8,7,5,2,1,0,0,0,0,0
East Finchley,0,0,0,0,0,0,0,0,0,0,0,0,3,11,22,42,66,90,122,183,254,333,428,552,675,703,631,541,460,362,254,196,165,150,128,117,120,121,114,107,109,110,105,102,102,98,89,84,83,82,75,77,82,91,100,112,112,108,105,123,148,165,156,150,145,133,113,97,84,71,59,52,50,45,38,31,30,31,30,29,29,27,23,22,23,23,19,13,7,3,1,1,0,0,0,0
East Ham,0,0,0,0,0,0,0,0,0,0,0,28,89,143,176,248,364,465,514,567,574,584,618,743,855,879,794,682,597,527,432,359,334,324,285,254,267,268,248,224,229,234,233,240,257,263,255,250,254,253,238,231,229,232,241,260,271,269,267,287,309,310,269,240,226,218,187,170,165,154,131,118,116,110,104,109,116,107,92,92,99,86,60,44,41,34,26,16,8,3,2,2,0,0,0,0
East Putney,0,0,0,0,0,0,0,0,0,0,0,3,4,5,8,18,31,52,83,144,212,302,407,533,610,589,484,358,263,194,148,116,103,97,86,78,80,80,76,74,79,82,82,80,80,76,68,62,63,65,60,56,64,92,112,115,104,113,130,160,171,187,198,205,185,161,132,114,104,92,73,65,59,49,38,34,33,32,31,30,29,28,25,23,22,22,18,14,9,4,3,2,0,0,0,0
Eastcote,0,0,0,0,0,0,0,0,0,0,0,0,7,10,16,25,44,70,92,118,148,201,245,280,279,251,214,172,127,94,84,75,65,61,58,56,53,52,51,51,49,47,45,45,44,43,39,37,36,36,32,33,35,43,47,48,45,44,41,48,52,54,48,50,46,41,33,32,28,23,18,16,15,13,11,10,9,9,7,9,10,9,6,8,8,8,5,4,3,3,2,2,0,0,0,0
Edgware,0,0,0,0,0,0,0,0,0,0,0,0,7,12,25,38,58,74,98,126,165,206,268,332,362,335,273,212,167,153,142,129,106,93,84,83,87,86,83,81,78,80,82,82,82,81,76,71,72,70,67,69,70,73,76,79,81,86,87,89,97,106,103,103,100,91,71,59,51,44,36,33,33,31,27,23,22,20,19,18,19,16,14,14,13,12,9,6,3,2,1,1,0,0,0,0
Edgware Road (Bak),0,0,0,0,0,0,0,0,0,0,0,0,0,0,4,5,7,12,16,22,31,41,49,62,82,100,104,100,91,87,78,71,62,63,66,65,64,64,66,69,80,87,88,84,81,80,75,76,80,85,93,110,115,109,109,129,155,182,190,231,259,309,330,339,289,236,187,152,128,110,92,85,76,73,68,68,63,59,54,57,57,53,45,45,44,40,32,29,21,12,0,0,0,0,0,0
Edgware Road (Cir),0,0,0,0,0,0,0,0,0,0,0,3,5,7,9,11,16,23,29,41,55,79,105,145,174,202,195,179,151,140,125,113,107,115,116,109,102,100,101,105,112,118,117,114,119,124,120,117,124,130,130,139,148,156,157,180,195,218,228,294,343,408,427,444,399,341,272,226,196,171,140,124,115,108,95,85,81,78,72,73,74,66,54,52,55,54,47,38,26,14,5,1,0,0,0,0
Elephant & Castle,0,0,0,0,0,0,0,0,0,0,0,0,3,33,56,76,110,161,203,263,351,422,468,553,695,870,899,789,653,598,508,389,332,314,299,279,278,288,276,288,308,344,338,372,396,397,352,347,351,367,369,405,441,475,486,575,652,707,697,786,810,792,678,653,617,592,506,435,375,341,296,282,273,264,232,223,227,214,185,164,173,190,184,171,149,130,101,86,65,37,13,2,0,0,0,0
Elm Park,0,0,0,0,0,0,0,0,0,0,0,26,17,17,39,71,108,137,153,180,207,245,284,336,332,277,195,136,94,78,68,63,53,51,44,40,35,34,32,31,29,32,32,31,29,26,25,25,24,23,24,23,23,27,32,35,35,34,31,32,34,35,33,32,29,27,25,23,19,15,11,10,9,9,9,8,8,8,7,7,8,7,6,5,6,4,2,0,0,0,0,0,0,0,0,0
Embankment,0,0,0,0,0,0,0,0,0,0,0,0,0,11,17,33,48,78,118,141,190,248,315,342,427,493,503,440,360,284,232,214,211,215,212,202,194,201,204,223,242,265,266,275,283,301,299,308,314,339,334,351,363,391,401,469,527,577,568,660,733,846,906,974,927,844,731,643,565,499,429,394,381,369,356,357,370,397,425,562,734,782,643,509,455,418,358,286,218,138,54,3,0,0,0,0
Epping,0,0,0,0,0,0,0,0,0,0,0,9,20,32,44,79,129,157,176,206,255,322,402,413,336,235,167,122,84,85,90,86,64,58,52,59,64,62,50,46,41,41,40,41,41,37,36,35,37,35,36,37,45,47,47,46,52,56,58,61,64,66,61,54,46,42,36,30,22,18,17,15,13,11,10,12,12,10,7,10,11,8,5,6,8,8,5,3,2,2,1,1,1,1,0,0
Euston,0,0,0,0,0,0,0,0,0,0,0,0,0,21,24,36,77,150,251,391,569,918,1169,1373,1467,1578,1586,1443,1249,1046,969,831,756,765,750,675,600,599,637,698,736,745,705,671,679,706,683,670,684,695,670,656,696,723,749,806,925,974,993,1096,1278,1333,1317,1323,1394,1277,1201,1065,975,817,754,651,614,601,566,521,539,542,481,376,377,409,404,294,231,203,203,178,130,68,27,0,0,0,0,0
Euston Square,0,0,0,0,0,0,0,0,0,0,0,4,6,9,10,9,21,30,62,87,130,197,258,325,415,495,534,473,383,271,229,173,158,155,152,141,143,141,143,162,182,186,180,197,217,221,203,204,209,215,208,235,264,282,285,366,445,487,467,583,685,773,727,717,644,566,462,416,378,332,272,254,243,238,212,216,209,183,144,129,125,117,104,88,78,76,71,58,39,22,9,1,0,0,0,0
Fairlop,0,0,0,0,0,0,0,0,0,0,0,2,4,8,10,15,24,31,35,42,53,70,86,110,115,96,60,44,35,28,21,20,18,14,12,13,12,11,10,13,16,15,13,10,15,17,17,11,10,9,8,15,17,27,27,28,21,21,19,22,22,17,13,16,15,13,9,10,10,9,7,7,8,8,5,5,5,5,4,5,6,5,4,3,2,2,1,1,0,0,0,0,0,0,0,0
Farringdon,0,0,0,0,0,0,0,0,0,0,0,8,11,14,15,21,29,37,54,63,72,72,85,131,151,175,192,193,177,170,160,154,149,168,158,174,178,187,199,223,252,277,286,301,313,324,320,331,347,360,354,384,413,418,411,664,815,948,1020,1436,1843,2410,2707,2942,2652,2205,1653,1325,1092,887,722,597,513,452,422,401,380,333,305,307,312,291,264,254,259,258,228,173,112,63,26,8,6,4,2,0
Finchley Central,0,0,0,0,0,0,0,0,0,0,0,0,0,12,16,30,53,72,104,160,224,274,336,428,518,518,448,359,299,248,191,144,120,123,113,101,113,118,107,92,92,95,96,90,91,91,84,75,76,72,62,67,85,93,98,93,97,98,107,129,149,178,183,191,160,137,106,91,73,68,55,48,46,45,39,34,34,34,31,30,31,30,26,29,29,25,20,20,15,8,2,1,0,0,0,0
Finchley Road,0,0,0,0,0,0,0,0,0,0,0,2,4,10,15,22,34,60,87,125,179,251,324,396,504,623,632,529,410,361,294,229,185,186,176,160,149,154,155,152,153,159,160,159,162,169,166,161,157,163,158,156,157,176,193,223,246,257,261,291,309,322,323,336,333,321,284,255,235,217,192,171,157,143,130,117,110,98,91,95,104,97,87,82,84,77,68,56,44,31,16,5,0,0,0,0
Finsbury Park,0,0,0,0,0,0,0,0,0,0,0,22,46,82,125,203,320,451,597,877,1170,1492,1746,2070,2511,2536,2110,1469,1278,1069,869,610,517,483,439,429,405,396,349,388,364,372,343,368,353,396,389,361,326,335,361,360,389,442,476,431,427,464,520,569,597,541,544,515,558,497,468,315,280,288,292,247,203,232,194,167,142,144,140,152,133,107,125,151,144,103,65,47,40,29,21,12,4,0,0,0
Fulham Broadway,0,0,0,0,0,0,0,0,0,0,0,2,2,3,7,16,30,43,59,95,153,215,276,356,415,420,369,307,254,216,185,157,150,149,144,140,145,151,151,154,160,165,167,170,173,172,162,157,163,182,180,181,168,320,403,391,281,302,305,354,405,426,394,410,436,410,326,266,235,206,174,158,147,138,123,114,108,104,100,101,98,100,117,143,170,181,160,113,64,30,12,5,0,0,0,0
Gants Hill,0,0,0,0,0,0,0,0,0,0,0,0,21,43,74,90,122,156,194,232,281,337,405,503,601,597,496,382,316,264,207,165,145,139,129,117,111,103,98,96,95,93,90,88,88,87,84,76,72,70,70,70,73,83,90,95,95,94,89,93,100,106,101,100,92,79,62,57,52,46,38,36,35,32,27,24,26,29,26,21,19,19,17,16,17,16,14,8,3,0,1,1,0,0,0,0
Gloucester Road,0,0,0,0,0,0,0,0,0,0,0,2,5,11,16,29,47,75,102,137,181,244,315,401,491,563,559,503,444,424,388,351,318,315,296,287,271,267,249,255,259,265,247,255,267,271,250,243,250,256,249,270,300,324,328,395,449,471,432,496,546,577,531,592,597,555,451,411,367,323,271,244,226,213,183,163,155,159,157,157,160,157,146,151,158,160,138,111,75,44,16,3,0,0,0,0
Golders Green,0,0,0,0,0,0,0,0,0,0,0,0,4,12,27,41,52,69,101,135,190,262,335,404,507,573,544,451,379,320,261,218,200,183,161,150,157,156,145,141,152,152,146,152,163,161,148,139,146,152,146,138,143,159,171,181,185,188,177,186,205,221,205,198,200,197,170,145,131,121,105,90,81,76,71,64,60,59,57,56,56,55,46,42,39,36,29,26,18,9,4,3,1,0,0,0
Goldhawk Road,0,0,0,0,0,0,0,0,0,0,0,2,3,4,4,7,13,20,25,32,43,59,76,105,134,151,136,108,81,67,54,42,34,35,33,32,32,34,34,33,33,35,35,36,36,36,34,34,35,34,32,32,36,38,41,41,43,44,46,48,49,49,45,47,48,48,41,33,29,26,24,21,17,14,13,14,13,13,11,12,13,14,15,16,16,14,11,9,6,3,1,1,0,0,0,0
Goodge Street,0,0,0,0,0,0,0,0,0,0,0,0,0,0,2,4,5,5,8,13,17,20,24,31,38,49,53,53,51,57,57,59,59,64,69,78,83,89,94,103,115,129,138,154,176,187,180,172,175,184,186,195,201,209,217,265,305,336,332,429,497,651,716,805,739,669,537,464,403,348,284,256,237,233,216,223,215,196,168,161,155,142,128,126,133,131,112,86,63,35,12,0,0,0,0,0
Grange Hill,0,0,0,0,0,0,0,0,0,0,0,0,0,0,0,4,22,28,31,33,40,52,90,115,100,68,47,30,20,17,15,12,9,9,9,9,9,8,7,7,7,8,8,7,7,7,5,4,4,5,5,6,6,6,6,6,7,8,8,8,8,7,7,8,7,6,5,4,3,3,2,2,3,3,3,2,1,2,2,2,1,1,1,1,1,2,1,0,1,1,0,0,0,0,0,0
Great Portland Street,0,0,0,0,0,0,0,0,0,0,0,2,3,4,5,7,9,15,23,33,40,54,71,88,106,130,140,132,112,107,101,98,91,95,96,94,93,99,102,107,115,127,129,131,134,136,132,133,142,152,155,165,180,199,225,298,345,368,370,482,550,641,665,716,648,550,422,352,293,239,192,176,160,143,121,115,111,109,101,98,91,84,74,73,74,69,59,49,38,24,9,1,0,0,0,0
Green Park,0,0,0,0,0,0,0,0,0,0,0,0,9,19,25,27,34,42,51,74,92,109,116,136,156,178,182,189,203,228,231,238,247,278,292,314,332,361,407,485,559,587,565,538,531,543,545,567,612,675,700,747,815,881,894,981,1068,1167,1196,1471,1703,2070,2249,2498,2463,2271,1851,1534,1321,1124,925,809,736,696,659,651,629,604,562,560,594,621,592,560,567,576,520,430,351,238,98,7,0,0,0,0
Greenford,0,0,0,0,0,0,0,0,0,0,0,0,14,28,42,71,116,166,205,264,272,276,260,295,311,305,242,197,170,148,117,97,82,77,70,70,67,65,59,63,65,63,58,60,60,56,50,53,56,55,49,53,55,65,70,80,81,87,81,89,98,111,101,96,88,80,64,57,52,44,34,30,29,26,24,24,24,19,15,25,34,28,12,9,10,10,7,5,3,1,1,1,0,0,0,0
Gunnersbury,0,0,0,0,0,0,0,0,0,0,0,0,0,1,4,10,20,35,59,92,120,143,163,200,232,239,205,167,138,115,89,72,64,59,55,56,58,59,60,67,74,73,69,72,76,74,67,68,68,70,68,88,100,104,97,140,172,199,199,280,329,463,512,559,471,395,269,213,176,144,105,94,83,67,47,45,42,36,27,28,24,37,39,33,15,13,9,6,4,2,1,0,0,0,0,0
Hainault,0,0,0,0,0,0,0,0,0,0,0,9,22,35,52,85,127,144,174,201,226,237,275,338,346,283,195,151,120,99,83,71,60,56,52,47,44,43,43,41,39,40,41,38,35,33,32,31,30,28,28,30,29,34,42,49,43,39,39,43,49,53,49,41,36,31,29,26,24,20,18,15,14,13,12,12,11,9,8,7,8,8,7,6,5,5,3,2,0,1,1,0,0,0,0,0
Hammersmith (Dis),0,0,0,0,0,0,0,0,0,0,0,4,16,39,63,78,114,156,200,258,372,499,620,776,959,1065,1003,861,739,664,569,489,444,437,414,407,424,439,434,442,471,485,471,459,474,485,480,461,471,481,481,477,543,648,689,721,818,966,998,1129,1290,1566,1672,1741,1665,1514,1236,998,858,734,610,536,487,441,384,356,331,356,358,352,371,434,496,578,587,460,292,176,99,51,23,9,2,0,0,0
Hammersmith (H&C),0,0,0,0,0,0,0,0,0,0,0,7,8,9,12,23,42,57,72,106,161,231,294,362,445,523,532,464,391,327,265,199,169,159,152,144,140,146,149,155,160,171,176,176,171,171,168,164,162,166,164,163,177,208,220,237,277,316,310,310,346,389,405,403,388,351,300,249,215,186,158,129,109,100,91,87,80,79,74,71,73,82,82,85,85,70,48,39,29,15,4,0,0,0,0,0
Hampstead,0,0,0,0,0,0,0,0,0,0,0,0,0,3,6,12,17,24,35,49,65,93,131,172,208,225,225,225,200,151,103,89,80,77,73,72,73,76,73,72,75,77,73,70,75,77,73,70,75,78,77,83,90,94,106,130,151,151,137,136,143,151,139,144,142,136,111,97,85,76,63,55,49,46,42,41,41,39,37,38,37,36,35,38,45,51,47,38,24,11,3,3,0,0,0,0
Hanger Lane,0,0,0,0,0,0,0,0,0,0,0,0,0,19,30,41,48,65,99,138,163,167,170,204,238,235,193,155,134,115,93,73,63,57,53,51,48,45,42,44,47,50,46,46,48,49,46,44,44,45,42,42,43,49,50,70,91,98,84,100,123,164,197,208,176,136,106,91,83,69,51,43,38,31,24,33,38,34,21,21,20,18,16,15,16,15,11,7,5,2,1,1,0,0,0,0
Harlesden,0,0,0,0,0,0,0,0,0,0,0,0,5,8,12,15,25,30,38,57,84,99,113,144,171,153,110,82,79,71,53,43,43,41,38,35,35,35,33,32,37,40,38,36,38,39,36,34,37,46,50,58,61,63,63,74,81,84,83,106,140,152,136,124,132,115,79,50,48,43,35,32,33,31,24,24,25,22,14,15,16,20,16,17,16,16,9,7,5,3,0,0,0,0,0,0
Harrow & Wealdstone,0,0,0,0,0,0,0,0,0,0,0,0,13,12,38,56,95,96,162,198,216,261,303,347,390,421,350,248,189,142,139,117,92,73,83,74,76,64,72,70,74,65,69,64,69,62,71,65,65,54,60,60,66,70,89,103,111,100,121,133,154,135,144,127,119,83,74,60,55,44,42,38,34,28,30,27,28,24,24,22,22,17,12,9,8,6,5,3,1,1,0,0,0,0,0,0
Harrow-on-the-Hill,0,0,0,0,0,0,0,0,0,0,0,0,6,19,39,67,110,139,174,234,324,402,476,575,649,632,512,398,309,266,223,200,177,169,157,151,151,151,150,156,167,173,165,162,162,166,160,161,160,164,162,168,171,179,188,218,245,251,230,249,267,302,295,298,258,227,177,158,142,124,95,81,74,69,61,59,63,60,52,44,44,41,39,34,32,29,25,20,14,9,7,3,1,0,1,0
Hatton Cross,0,0,0,0,0,0,0,0,0,0,0,16,26,30,32,37,53,70,82,95,105,122,140,151,143,123,106,87,70,72,72,68,55,53,52,50,48,47,48,48,48,52,54,55,52,52,50,47,47,51,54,53,54,58,63,68,76,87,97,105,124,139,154,145,132,107,92,76,63,47,34,28,27,26,23,20,17,18,17,21,22,24,21,18,14,13,9,7,5,4,2,2,1,1,0,0
Heathrow Terminals 123,0,0,0,0,0,0,0,0,0,0,0,17,24,35,42,56,65,67,71,84,100,108,115,126,131,133,142,150,146,164,174,164,137,137,140,143,147,148,151,145,141,137,135,133,144,175,198,206,200,193,175,165,157,161,167,192,212,234,232,259,275,267,221,235,243,220,177,186,194,181,163,160,162,147,127,127,140,149,148,178,185,163,115,92,77,61,39,18,5,2,1,0,1,1,0,0
Heathrow Terminal 4,0,0,0,0,0,0,0,0,0,0,0,5,4,3,5,12,19,26,31,40,52,64,67,67,66,59,50,42,38,42,45,42,35,34,36,44,55,56,52,51,56,56,55,59,61,54,41,40,47,50,42,34,29,30,36,41,46,48,49,51,54,56,58,65,71,71,66,59,54,59,68,74,69,57,48,48,46,43,39,42,39,32,20,14,12,10,6,2,1,0,0,0,0,0,0,0
Heathrow Terminal 5,0,0,0,0,0,0,0,0,0,0,0,2,9,17,28,40,39,28,28,42,58,68,70,68,71,80,86,80,67,69,71,67,60,61,60,59,65,69,69,68,74,83,87,82,77,81,91,102,98,93,87,89,89,100,102,102,96,92,83,86,89,92,91,89,81,74,69,73,77,75,65,67,73,78,80,91,93,89,92,107,105,92,73,56,38,25,14,7,3,0,0,0,0,0,0,0
Hendon Central,0,0,0,0,0,0,0,0,0,0,0,0,6,17,36,49,78,99,142,187,230,256,296,362,436,465,415,332,266,222,177,154,148,147,131,124,128,129,119,123,134,138,131,137,145,144,136,142,154,156,147,154,170,181,185,205,222,224,216,231,260,268,243,233,241,225,178,154,155,146,113,91,84,80,71,63,58,53,51,49,49,44,37,33,31,27,23,17,10,4,3,3,2,2,0,0
High Barnet,0,0,0,0,0,0,0,0,0,0,0,0,6,8,16,28,48,62,76,98,144,196,252,295,299,261,212,169,128,103,91,81,66,57,52,51,50,49,50,50,50,49,49,48,45,41,39,40,41,40,38,40,47,52,59,70,85,86,79,74,78,77,74,67,62,53,44,37,34,29,24,22,21,18,17,19,18,14,12,22,25,20,10,11,10,9,7,5,3,1,1,1,1,0,0,0
High Street Kensington,0,0,0,0,0,0,0,0,0,0,0,2,3,6,6,11,19,28,38,56,82,107,131,173,227,257,238,214,199,201,196,197,198,199,196,193,203,213,221,229,238,253,257,258,258,266,268,266,271,277,279,296,326,353,364,410,450,494,487,565,605,686,679,791,791,725,550,483,426,372,313,299,277,243,196,180,168,155,133,135,145,157,157,153,136,115,93,74,52,26,8,3,0,0,0,0
Highbury & Islington,0,0,0,0,0,0,0,0,0,0,0,0,5,15,25,41,67,103,145,195,276,385,526,662,821,946,906,802,676,587,426,320,258,243,229,211,205,210,212,219,231,244,243,243,249,253,246,239,241,246,246,256,278,317,346,407,455,505,504,607,725,773,685,629,621,579,495,427,395,358,308,275,256,248,225,216,213,213,203,218,245,294,311,309,295,275,217,156,101,50,20,0,0,0,0,0
Highgate,0,0,0,0,0,0,0,0,0,0,0,0,0,6,8,16,36,62,88,116,172,252,337,391,464,497,472,403,353,286,207,149,120,108,94,83,83,82,76,73,79,81,75,74,78,78,70,63,62,62,57,56,61,63,66,72,83,89,88,91,106,114,105,98,100,98,81,67,55,52,45,40,33,30,26,22,21,20,19,21,22,21,20,19,19,17,16,12,8,3,1,1,1,0,0,0
Hillingdon,0,0,0,0,0,0,0,0,0,0,0,0,8,8,10,15,30,44,57,69,91,118,139,147,134,109,82,69,56,52,48,46,37,34,30,28,26,25,22,22,22,23,21,21,21,19,18,16,17,19,18,25,45,68,70,56,39,31,27,28,29,30,29,29,29,29,25,23,19,16,12,10,9,10,8,6,6,6,5,4,4,5,4,4,4,4,2,2,1,1,0,0,0,0,0,0
Holborn,0,0,0,0,0,0,0,0,0,0,0,0,0,9,19,24,23,28,40,56,71,86,97,115,140,168,176,176,181,205,220,239,256,284,295,323,342,364,367,463,567,627,599,633,692,720,670,651,657,693,693,746,816,931,964,1097,1211,1358,1346,1625,1784,2021,2014,2107,1929,1791,1528,1348,1149,1020,883,850,825,793,730,740,729,677,605,592,640,695,657,547,464,447,427,396,326,197,85,0,0,0,0,0
Holland Park,0,0,0,0,0,0,0,0,0,0,0,0,1,3,5,10,17,25,34,44,57,76,103,136,170,190,186,167,146,123,99,80,69,65,63,59,55,56,57,58,60,61,57,53,56,59,57,56,58,59,56,59,63,69,97,120,120,110,114,139,141,132,111,135,149,139,107,92,83,70,54,50,47,40,31,30,31,34,35,35,33,31,28,28,30,30,26,20,14,6,2,0,0,0,0,0
Holloway Road,0,0,0,0,0,0,0,0,0,0,0,0,0,12,15,22,29,43,51,64,92,129,164,222,305,377,368,328,274,242,184,143,120,128,124,116,116,130,132,143,153,175,177,189,191,183,159,152,155,159,156,167,184,193,201,245,282,293,274,331,371,369,287,251,225,205,170,153,141,129,117,115,110,117,125,125,97,65,44,40,40,40,40,43,46,44,38,31,22,12,4,1,0,0,0,0
Hornchurch,0,0,0,0,0,0,0,0,0,0,0,11,9,19,31,47,70,94,106,125,151,179,217,253,246,200,140,97,64,54,45,41,33,31,28,27,25,24,23,23,26,27,24,23,25,24,21,20,23,23,23,22,35,44,43,36,41,45,40,41,45,48,39,31,27,27,24,20,17,13,10,14,16,13,7,7,9,9,7,6,8,8,6,6,7,7,5,3,3,2,1,0,0,0,0,0
Hounslow Central,0,0,0,0,0,0,0,0,0,0,0,14,21,35,46,55,76,101,138,162,182,183,211,250,275,263,235,198,159,131,111,92,79,76,69,64,64,66,62,59,65,70,72,72,75,72,69,66,66,63,58,56,66,73,73,72,77,82,80,96,110,115,100,94,88,81,68,58,49,42,33,30,29,27,23,22,25,23,19,15,15,14,13,12,10,8,6,4,3,1,1,1,0,0,0,0
Hounslow East,0,0,0,0,0,0,0,0,0,0,0,12,23,37,44,62,95,122,140,171,190,198,218,257,269,265,242,219,182,150,120,104,90,83,79,78,73,74,72,71,73,77,78,78,81,79,74,69,66,65,62,63,63,66,66,71,75,77,79,85,90,91,83,80,77,74,64,58,54,47,37,33,33,33,29,30,30,29,25,24,22,19,16,15,14,12,9,7,4,2,2,1,1,0,0,0
Hounslow West,0,0,0,0,0,0,0,0,0,0,0,18,26,35,46,65,85,100,118,148,167,184,214,251,257,232,200,168,135,117,110,103,83,76,71,69,64,61,58,58,61,63,64,65,66,63,59,55,52,46,43,42,43,43,46,49,54,58,59,58,58,56,56,57,57,52,45,40,35,31,27,25,24,24,23,22,21,21,19,17,16,15,12,10,11,11,8,5,3,2,1,1,2,0,0,0
Hyde Park Corner,0,0,0,0,0,0,0,0,0,0,0,0,0,2,3,5,6,7,10,14,18,19,19,22,26,28,31,35,39,45,48,51,53,58,60,64,69,72,78,96,111,122,120,120,115,112,110,113,114,116,117,121,130,144,153,173,184,213,227,272,268,277,260,264,243,227,201,179,155,136,121,121,114,104,89,82,76,71,66,66,67,72,67,66,68,73,63,56,46,30,12,0,0,0,0,0
Ickenham,0,0,0,0,0,0,0,0,0,0,0,0,6,4,8,16,27,32,34,42,58,83,95,104,91,81,64,56,43,35,31,31,25,23,22,22,21,19,18,18,18,17,15,15,14,14,14,15,15,15,13,3,59,82,65,12,21,21,18,18,17,19,19,20,16,15,13,11,10,8,6,4,4,3,4,4,4,4,5,7,7,6,5,3,2,2,2,1,1,1,1,0,0,0,0,0
Kennington,0,0,0,0,0,0,0,0,0,0,0,0,0,12,15,21,31,49,62,80,108,147,187,237,301,366,370,323,254,211,157,117,91,88,82,73,70,73,72,67,69,73,70,70,71,71,62,60,65,72,70,70,73,81,81,91,101,118,114,130,139,146,130,134,138,134,115,99,87,79,69,61,54,49,43,41,42,40,37,36,35,35,33,32,31,32,29,25,18,12,6,1,0,0,0,0
Kensal Green,0,0,0,0,0,0,0,0,0,0,0,0,0,8,9,15,20,23,30,51,73,96,126,186,234,256,237,208,167,130,100,79,68,62,55,51,51,50,46,45,46,45,41,39,39,40,40,40,42,42,39,37,39,41,42,45,50,54,52,61,70,72,65,64,69,69,59,48,41,38,32,27,23,21,20,18,16,14,14,14,14,14,13,10,9,8,8,5,3,1,0,0,0,0,0,0
Kensington (Olympia),0,0,0,0,0,0,0,0,0,0,0,0,0,0,0,0,0,0,0,0,14,13,12,24,41,34,26,27,30,29,34,37,25,27,27,25,16,24,25,22,19,30,38,29,23,25,33,27,27,29,40,38,29,29,34,35,36,40,28,32,39,40,19,13,17,20,16,10,17,17,16,13,14,14,6,6,7,8,6,10,9,8,4,3,2,2,2,0,0,0,0,0,0,0,0,0
Kentish Town,0,0,0,0,0,0,0,0,0,0,0,0,0,4,11,19,27,41,58,86,122,171,222,290,359,402,402,380,331,275,216,168,134,126,124,115,114,118,115,111,116,125,121,121,125,130,120,112,112,116,115,121,129,151,170,190,193,196,191,235,276,352,368,379,340,320,267,223,191,164,140,121,111,102,88,83,85,85,78,78,85,107,168,232,240,181,115,72,44,21,6,1,0,0,0,0
Kenton,0,0,0,0,0,0,0,0,0,0,0,0,0,8,12,23,36,50,61,75,87,104,108,115,126,139,115,84,66,64,57,48,40,35,32,29,29,30,30,27,26,29,31,31,33,32,30,28,28,31,35,36,33,38,86,142,146,98,64,60,63,65,59,50,44,42,37,32,30,29,25,22,21,21,18,15,14,13,12,11,10,8,7,5,5,5,4,2,1,1,0,0,0,0,0,0
Kew Gardens,0,0,0,0,0,0,0,0,0,0,0,0,0,2,5,10,17,19,35,62,106,158,223,274,288,257,210,170,134,104,83,76,68,62,52,50,49,51,50,53,56,58,57,56,54,53,53,54,56,56,56,60,66,71,74,82,92,98,96,113,125,117,96,101,106,98,77,71,64,52,34,28,25,19,13,11,12,10,9,8,8,8,7,7,7,8,7,5,2,1,0,0,0,0,0,0
Kilburn,0,0,0,0,0,0,0,0,0,0,0,5,12,19,28,48,73,106,131,165,223,295,353,421,547,640,609,489,394,335,265,201,175,175,162,141,141,143,133,121,125,127,120,114,122,126,120,115,122,126,122,119,130,133,128,132,151,161,153,153,174,193,194,200,202,192,165,152,138,122,98,82,75,72,65,59,61,65,56,53,58,63,54,51,51,52,45,40,30,20,9,2,0,0,0,0
Kilburn Park,0,0,0,0,0,0,0,0,0,0,0,0,0,3,10,16,24,33,42,56,76,100,120,150,188,213,207,183,155,128,103,85,77,77,72,62,63,65,61,57,63,71,69,63,63,62,59,57,64,70,68,64,67,75,78,83,89,94,96,103,106,104,94,92,92,91,82,75,68,61,48,43,44,43,36,31,31,31,29,28,28,28,23,21,22,23,20,16,10,4,1,1,0,0,0,0
King's Cross St. Pancras,0,0,0,0,0,0,0,0,0,0,0,21,27,37,71,115,208,350,555,709,1023,1540,2011,2427,2955,3364,3370,3203,2955,2541,2038,1794,1977,2154,2057,1764,1578,1448,1432,1532,1492,1506,1506,1596,1520,1510,1461,1465,1427,1442,1467,1543,1532,1534,1487,1688,1944,2171,2204,2514,2746,2947,2912,3055,2973,2876,2557,2375,2136,1820,1519,1496,1410,1231,1063,1087,1143,1075,1013,976,900,764,736,758,706,628,526,430,324,216,92,14,0,0,0,0
Kingsbury,0,0,0,0,0,0,0,0,0,0,0,0,6,23,34,50,85,139,177,207,204,197,213,271,318,316,265,209,162,132,107,94,84,80,77,75,75,71,68,65,67,68,67,61,57,76,92,84,59,54,59,60,56,48,115,171,161,87,68,70,76,81,79,72,67,59,49,44,43,38,31,28,25,24,24,22,20,18,18,17,16,14,11,10,11,9,8,5,4,3,1,1,0,0,0,0
Knightsbridge,0,0,0,0,0,0,0,0,0,0,0,0,0,0,7,9,12,17,21,32,45,58,65,82,102,121,123,121,119,124,120,129,139,168,184,215,242,280,311,343,380,409,425,434,451,475,481,494,508,534,543,589,629,677,697,771,813,870,876,988,1002,1047,1001,1101,1099,1069,910,849,789,711,587,561,704,761,559,324,261,256,220,208,219,224,193,177,171,169,155,143,111,61,18,0,0,0,0,0
Ladbroke Grove,0,0,0,0,0,0,0,0,0,0,0,4,5,7,10,15,24,31,39,57,82,118,171,229,262,264,252,226,192,156,124,101,91,92,87,83,87,94,95,96,101,109,110,111,112,116,111,103,104,107,109,116,132,143,150,174,188,206,200,221,227,229,193,188,198,192,161,132,114,96,78,67,60,56,50,48,50,48,46,41,39,37,37,44,55,54,43,34,27,15,5,1,0,0,0,0
Lambeth North,0,0,0,0,0,0,0,0,0,0,0,0,0,5,8,10,10,14,16,23,34,50,60,80,104,132,133,118,97,90,79,70,60,58,53,53,52,56,54,57,60,69,73,74,73,74,73,74,75,78,77,79,78,81,86,105,115,122,121,144,157,161,144,141,131,113,88,78,69,68,59,58,48,43,35,44,53,65,57,46,29,26,24,24,23,20,18,15,12,7,2,0,0,0,0,0
Lancaster Gate,0,0,0,0,0,0,0,0,0,0,0,0,0,4,8,13,20,40,53,74,104,167,227,308,367,429,446,427,355,313,281,247,206,189,178,156,133,117,108,103,102,102,97,92,89,92,92,91,89,92,94,107,115,119,116,131,143,157,154,174,183,200,194,207,208,199,170,145,126,110,92,77,68,65,61,56,57,58,53,49,52,54,51,55,61,61,47,36,26,14,3,0,0,0,0,0
Latimer Road,0,0,0,0,0,0,0,0,0,0,0,2,3,3,5,7,10,11,15,21,31,39,51,66,83,88,84,77,71,62,47,37,32,32,28,27,27,30,29,31,34,35,32,32,34,34,30,30,33,34,31,30,34,40,44,51,52,58,60,80,93,122,129,142,130,116,85,74,67,58,42,39,40,35,24,27,31,29,23,29,32,26,15,11,9,7,5,5,3,2,1,0,0,0,0,0
Leicester Square,0,0,0,0,0,0,0,0,0,0,0,0,0,4,26,42,46,39,30,34,44,56,61,71,86,102,104,104,99,105,106,116,128,151,168,183,194,212,234,263,289,318,346,392,435,468,488,522,560,601,612,628,645,668,679,724,780,817,823,908,998,1167,1273,1435,1470,1448,1292,1190,1116,1052,1000,988,982,953,986,1049,1092,1058,1138,1361,1741,1875,1762,1499,1423,1340,1207,988,717,376,135,0,0,0,0,0
Leyton,0,0,0,0,0,0,0,0,0,0,0,0,16,93,158,242,337,450,539,642,711,685,654,684,804,849,764,634,562,515,417,331,298,296,277,253,259,256,236,209,216,219,211,201,208,206,198,198,215,217,205,196,204,208,206,209,221,232,228,236,259,268,251,232,229,223,204,176,159,152,137,124,120,117,103,92,91,90,81,81,84,78,60,49,44,40,34,27,15,5,1,0,0,0,0,0
Leytonstone,0,0,0,0,0,0,0,0,0,0,0,0,0,86,96,134,207,280,339,403,477,522,535,612,781,844,738,577,489,419,331,255,221,223,203,185,190,196,183,169,173,179,170,163,176,182,164,149,154,163,156,152,165,181,180,177,192,212,217,219,232,249,241,215,198,184,165,146,133,114,94,88,87,81,67,67,67,65,59,57,54,50,43,39,36,33,29,23,14,8,4,3,0,0,0,0
Liverpool Street,0,0,0,0,0,0,0,0,0,0,0,2,32,46,99,148,259,349,529,859,1190,1414,1650,1909,2322,2628,2789,2580,2255,1893,1520,1243,1205,1246,1175,1013,1055,1055,1012,979,1090,1143,1122,1050,1084,1103,1093,1044,1074,1082,1039,1025,1104,1140,1128,1237,1424,1580,1572,2062,2700,3377,3522,3658,3595,3370,2834,2347,2026,1728,1397,1186,1072,989,914,835,810,782,719,677,670,668,629,602,594,591,542,468,355,206,68,3,0,0,0,0
London Bridge,0,0,0,0,0,0,0,0,0,0,0,0,0,71,116,183,276,483,757,1184,1576,1964,2249,2741,3169,3486,3365,3140,2740,2364,1904,1607,1407,1347,1244,1159,1070,1084,1065,1076,1071,1141,1154,1182,1188,1203,1140,1107,1078,1112,1097,1131,1137,1205,1244,1393,1551,1753,1852,2240,2560,3002,3162,3237,3025,2717,2366,2015,1787,1489,1239,1066,961,897,825,781,724,703,664,663,676,688,652,605,588,565,510,404,302,179,74,12,0,0,0,0
Loughton,0,0,0,0,0,0,0,0,0,0,0,0,8,12,20,37,58,80,100,147,188,231,276,346,344,282,203,162,121,104,95,86,69,65,60,55,52,48,46,44,45,43,41,38,41,40,37,33,35,34,30,44,71,76,60,53,56,55,52,56,67,77,74,62,53,47,38,31,25,22,17,15,15,14,11,10,10,10,10,8,7,7,7,7,6,6,6,4,2,1,1,0,0,0,0,0
Maida Vale,0,0,0,0,0,0,0,0,0,0,0,0,0,0,10,13,17,25,35,49,71,104,137,180,239,287,273,220,171,139,105,79,68,69,65,59,58,61,60,56,55,58,56,53,55,58,54,52,52,51,47,49,59,67,69,68,71,73,76,92,100,97,80,82,83,86,75,71,64,56,50,51,49,42,32,33,39,39,31,26,23,21,20,21,21,21,17,14,9,5,1,0,0,0,0,0
Manor House,0,0,0,0,0,0,0,0,0,0,0,0,13,45,77,96,131,172,205,260,337,381,394,461,589,677,651,576,520,472,380,284,244,243,230,202,199,202,189,166,160,162,158,151,153,159,158,150,152,158,162,157,160,160,158,163,183,196,190,191,210,224,212,192,180,169,151,139,132,122,104,93,88,85,75,71,68,67,64,64,63,57,53,48,48,43,41,37,25,9,0,0,0,0,0,0
Mansion House,0,0,0,0,0,0,0,0,0,0,0,0,0,3,2,4,7,7,7,10,13,18,24,30,33,43,48,51,47,48,47,44,42,46,47,48,50,57,63,79,91,95,92,93,93,94,94,95,96,103,105,113,117,123,121,159,208,235,212,292,416,541,559,578,567,540,458,379,320,263,209,176,154,134,115,112,111,110,100,97,94,91,83,74,75,74,65,46,31,16,6,0,0,0,0,0
Marble Arch,0,0,0,0,0,0,0,0,0,0,0,0,0,5,13,23,27,38,47,70,91,116,129,145,178,224,238,222,201,204,198,187,172,177,180,176,176,187,198,205,223,241,250,258,272,283,282,284,299,315,327,350,379,406,426,472,520,550,553,621,671,742,744,784,754,721,635,579,533,480,432,411,402,386,350,328,327,323,327,352,378,370,329,282,243,221,184,156,132,80,25,0,0,0,0,0
Marylebone,0,0,0,0,0,0,0,0,0,0,0,0,0,0,2,3,14,56,71,211,253,446,465,689,752,831,722,688,576,428,382,390,377,360,311,273,218,266,227,274,235,267,198,221,184,208,170,195,156,179,154,186,162,196,177,235,222,277,240,375,410,507,479,538,500,471,398,352,298,249,210,184,147,131,118,105,89,81,75,72,65,46,52,58,49,40,46,42,24,9,2,0,0,0,0,0
Mile End,0,0,0,0,0,0,0,0,0,0,0,0,0,39,55,74,98,135,168,197,256,340,432,539,681,803,780,690,593,517,393,301,259,258,244,238,251,270,248,251,266,277,247,277,308,316,274,292,312,315,281,303,339,367,360,418,463,473,428,490,567,573,487,454,451,424,360,326,310,285,240,215,212,200,178,163,163,154,138,127,129,125,117,109,105,98,91,82,62,35,14,6,0,0,0,0
Mill Hill East,0,0,0,0,0,0,0,0,0,0,0,0,0,1,2,4,10,18,17,24,33,55,87,131,144,121,103,78,56,34,28,16,10,14,18,19,14,9,13,13,11,6,9,10,15,13,12,7,8,5,9,8,13,11,9,20,29,36,24,16,2,13,18,22,25,23,12,12,21,32,31,21,4,4,9,12,11,9,12,9,6,3,4,4,3,2,1,1,1,0,0,0,0,0,0,0
Moor Park,0,0,0,0,0,0,0,0,0,0,0,0,0,1,4,8,10,11,22,36,45,49,81,113,107,69,42,30,18,17,17,15,10,11,10,9,10,10,7,7,9,10,9,10,9,9,7,9,9,8,8,10,14,13,39,61,63,40,33,42,49,48,32,26,21,18,11,9,7,5,4,4,4,3,2,2,2,2,2,2,1,1,2,3,3,2,1,1,1,0,0,0,0,0,0,0
Moorgate,0,0,0,0,0,0,0,0,0,0,0,4,5,4,5,8,15,22,34,55,74,92,104,120,136,163,172,169,159,158,148,137,130,141,141,146,153,181,196,229,255,286,282,288,289,301,290,305,325,350,344,381,420,466,474,606,752,886,907,1297,1792,2281,2391,2463,2325,2074,1706,1427,1197,1012,791,701,609,530,456,417,381,353,323,326,280,240,196,187,179,166,141,110,77,44,18,3,0,1,1,0
Morden,0,0,0,0,0,0,0,0,0,0,0,20,43,67,70,118,176,233,292,379,450,493,545,660,735,675,520,402,338,276,217,186,168,153,134,130,128,121,115,117,119,115,110,110,112,108,100,96,95,95,91,93,96,106,110,119,127,136,143,164,176,182,167,156,141,132,113,99,87,75,63,56,50,43,39,40,41,36,31,29,30,28,25,22,19,16,16,11,5,0,0,0,0,0,0,0
Mornington Crescent,0,0,0,0,0,0,0,0,0,0,0,0,0,0,4,5,9,13,16,20,27,36,42,50,67,83,85,78,72,69,63,54,48,50,51,49,47,50,53,60,63,68,68,72,74,75,71,65,65,66,68,74,80,87,90,107,121,140,144,201,239,344,388,405,333,286,216,169,141,119,99,84,74,75,72,69,62,61,61,68,83,107,115,108,92,77,59,49,40,21,6,0,0,0,0,0
Neasden,0,0,0,0,0,0,0,0,0,0,0,6,10,14,18,33,56,86,114,145,173,180,169,186,224,227,181,141,124,110,90,74,63,61,56,57,56,55,50,50,51,51,48,46,47,50,49,49,48,48,45,47,49,53,59,67,74,80,82,93,100,100,90,89,81,71,57,49,43,39,30,25,30,31,25,17,17,18,17,17,15,14,10,10,9,9,6,5,3,2,1,0,0,0,0,0
Newbury Park,0,0,0,0,0,0,0,0,0,0,0,0,25,48,59,79,136,185,224,269,298,306,335,417,479,459,363,283,221,180,143,122,103,90,77,76,80,73,64,64,67,66,61,60,60,59,55,53,52,50,51,51,56,62,65,60,58,63,66,66,71,72,67,60,60,54,46,40,36,30,26,23,22,20,18,17,17,16,14,15,14,12,9,7,6,6,4,2,1,0,0,0,0,0,0,0
North Acton,0,0,0,0,0,0,0,0,0,0,0,0,3,11,18,29,46,63,75,106,144,158,164,195,255,275,250,201,178,160,137,110,96,93,87,82,80,79,73,74,81,90,88,87,86,87,80,82,86,90,86,89,94,99,96,111,138,162,154,206,271,323,301,327,336,304,215,167,138,115,88,78,74,66,50,45,48,47,38,40,44,40,29,25,25,22,18,14,10,5,2,1,0,0,0,0
North Ealing,0,0,0,0,0,0,0,0,0,0,0,0,0,4,3,3,5,7,12,18,24,36,54,74,82,76,63,48,37,31,27,21,19,20,19,16,14,12,12,13,13,13,11,13,14,15,13,11,11,11,11,6,35,102,144,98,33,11,18,19,19,19,18,18,19,18,13,11,10,9,7,6,5,6,6,5,4,4,4,4,4,4,3,2,2,2,3,2,1,0,1,0,0,0,0,0
North Greenwich,0,0,0,0,0,0,0,0,0,0,0,0,43,95,144,192,264,343,417,466,558,584,596,696,853,928,841,737,618,514,396,300,252,247,236,227,222,228,221,212,212,218,225,228,236,238,235,228,231,236,230,221,233,264,304,408,534,604,650,678,659,574,498,460,443,421,355,313,287,265,229,221,240,244,229,238,296,367,458,564,683,926,1339,1737,1709,1264,741,427,241,109,41,20,9,0,0,0
North Harrow,0,0,0,0,0,0,0,0,0,0,0,0,0,4,10,16,26,40,49,77,102,136,170,226,244,212,155,113,83,61,49,44,37,34,28,27,27,24,22,22,23,21,19,20,21,20,20,19,17,16,18,18,16,18,22,23,22,22,23,26,28,29,26,24,23,21,15,14,13,12,9,7,7,6,5,5,5,4,4,5,7,7,6,5,5,7,9,10,7,3,0,0,0,0,0,0
North Wembley,0,0,0,0,0,0,0,0,0,0,0,0,2,12,19,21,30,45,62,73,84,89,109,134,154,146,116,82,62,54,46,38,35,32,29,27,28,27,27,27,28,26,27,29,29,28,25,24,26,28,27,31,40,43,40,39,40,39,36,41,47,48,40,35,32,29,27,25,23,19,15,14,13,12,10,8,8,8,8,8,9,7,5,3,4,4,3,2,1,1,0,0,0,0,0,0
Northfields,0,0,0,0,0,0,0,0,0,0,0,8,18,28,34,38,54,72,100,164,224,243,259,321,379,372,308,247,199,162,114,90,78,74,66,64,66,63,56,55,58,57,53,53,54,53,47,45,45,44,41,45,48,61,103,128,119,95,102,109,114,110,104,100,101,96,81,68,57,46,37,31,27,23,21,17,18,18,18,15,14,14,14,15,15,13,10,7,4,3,2,1,1,0,0,0
Northolt,0,0,0,0,0,0,0,0,0,0,0,0,27,51,74,90,142,187,215,235,264,296,317,357,372,347,284,241,204,179,152,129,104,96,86,84,85,82,75,71,71,71,70,72,71,69,63,60,59,60,56,52,57,80,93,89,79,82,83,80,79,82,78,71,65,63,56,51,46,42,36,32,29,27,25,23,21,22,21,20,18,16,13,11,9,8,7,5,2,0,1,1,1,0,0,0
Northwick Park,0,0,0,0,0,0,0,0,0,0,0,0,4,10,18,29,47,71,91,116,130,157,199,267,310,294,231,174,139,111,90,81,76,69,59,56,58,62,60,62,66,69,66,75,84,78,64,63,66,66,64,70,76,85,95,123,137,140,140,159,170,168,150,129,109,90,76,68,63,57,50,51,51,52,46,41,34,28,25,22,20,17,13,13,14,13,9,7,5,3,1,1,0,0,0,0
Northwood,0,0,0,0,0,0,0,0,0,0,0,0,3,8,14,20,34,46,55,76,114,163,220,263,253,206,156,115,81,67,61,57,49,48,44,43,43,41,39,36,36,36,36,38,37,32,29,30,32,29,29,32,35,38,41,89,122,106,55,54,65,68,63,57,49,40,33,31,28,23,16,15,15,15,11,10,10,9,8,8,8,8,7,6,6,5,4,3,2,2,0,0,0,0,0,0
Northwood Hills,0,0,0,0,0,0,0,0,0,0,0,0,0,4,10,19,34,43,47,63,87,124,158,194,183,151,108,86,65,52,41,39,34,31,28,28,26,24,23,24,23,22,22,23,23,21,21,18,16,15,18,21,25,27,27,26,26,26,25,27,26,28,28,28,25,24,19,18,15,13,10,9,8,8,8,7,8,8,7,6,6,5,4,4,5,5,5,4,2,1,1,1,0,0,0,0
Notting Hill Gate,0,0,0,0,0,0,0,0,0,0,0,3,5,10,19,31,50,82,111,144,186,266,336,425,544,671,684,610,519,445,362,289,251,247,245,236,231,239,245,255,267,282,277,278,279,290,280,279,285,306,306,319,337,357,365,401,438,472,469,547,613,667,617,675,721,710,580,481,415,358,305,276,269,250,212,198,209,213,193,180,179,180,186,210,225,206,171,143,106,56,16,1,0,0,0,0
Oakwood,0,0,0,0,0,0,0,0,0,0,0,0,22,19,19,28,39,52,63,83,106,128,153,189,201,179,153,131,107,86,79,73,67,61,57,54,54,52,49,47,46,45,42,40,41,39,35,31,34,33,35,35,38,45,60,68,63,54,50,52,54,56,52,51,54,55,46,37,32,27,20,19,19,16,14,13,14,11,9,10,13,12,9,7,6,5,4,2,1,0,0,0,0,0,0,0
Old Street,0,0,0,0,0,0,0,0,0,0,0,0,0,0,11,20,38,60,88,121,160,202,242,305,411,526,538,484,434,434,390,332,286,295,291,282,274,294,299,308,330,365,380,382,395,411,389,364,365,386,385,402,435,476,494,597,687,800,815,1071,1235,1486,1524,1579,1468,1356,1143,931,784,659,539,475,442,407,354,369,392,381,338,333,340,335,322,329,357,367,340,297,238,143,62,0,0,0,0,0
Osterley,0,0,0,0,0,0,0,0,0,0,0,5,11,16,20,27,38,47,64,88,112,129,150,182,205,199,158,123,100,89,71,61,50,45,39,39,38,39,36,34,36,38,36,34,37,36,34,31,30,30,27,27,29,32,33,34,37,40,44,45,48,51,55,54,49,40,33,28,25,22,17,14,15,15,14,12,13,11,9,8,8,8,8,8,7,6,4,3,2,1,0,0,0,0,0,0
Oval,0,0,0,0,0,0,0,0,0,0,0,0,0,18,25,33,47,69,86,104,137,176,212,257,337,383,359,304,271,247,196,151,125,122,111,100,96,102,102,100,99,105,102,101,100,102,98,97,102,107,104,101,111,125,131,145,163,175,175,200,217,245,241,236,209,194,165,148,138,124,101,87,85,79,70,72,76,72,60,65,66,62,50,47,47,46,41,32,23,14,6,2,0,0,0,0
Oxford Circus,0,0,0,0,0,0,0,0,0,0,0,0,1,13,26,36,40,46,52,75,95,106,109,130,152,176,187,217,250,299,327,368,419,496,544,596,652,731,795,902,1018,1165,1253,1346,1419,1507,1538,1594,1668,1751,1763,1840,1953,2086,2147,2387,2621,2842,2896,3335,3725,4235,4445,4880,4934,4789,4274,3947,3614,3219,2747,2571,2513,2372,2070,1999,1947,1808,1582,1641,1632,1454,1175,1106,1105,1064,912,719,549,310,94,0,0,0,0,0
Paddington,0,0,0,0,0,0,0,0,0,0,0,0,11,24,40,33,105,217,332,463,775,1127,1452,1722,2038,2180,2283,2236,2039,1788,1598,1414,1299,1327,1244,1049,952,938,884,883,893,942,885,861,799,810,746,727,739,809,797,762,745,767,772,836,936,1139,1222,1326,1472,1673,1745,1804,1913,1905,1631,1309,1080,955,793,693,618,570,527,459,402,389,379,330,304,290,264,206,198,186,175,126,80,39,21,3,0,0,0,0
Park Royal,0,0,0,0,0,0,0,0,0,0,0,0,4,5,5,5,13,17,21,25,37,40,48,59,69,63,51,41,39,34,26,22,21,20,17,18,19,19,18,17,19,21,21,20,21,21,19,20,23,26,24,23,27,28,31,37,48,51,50,64,92,111,108,100,94,80,62,48,44,38,28,24,25,26,21,20,20,20,17,17,19,18,16,16,16,14,12,9,6,4,2,2,1,0,0,0
Parsons Green,0,0,0,0,0,0,0,0,0,0,0,2,3,4,10,21,37,54,79,122,178,255,348,467,534,517,419,325,255,204,151,114,104,106,99,89,90,92,90,89,103,113,113,103,102,100,93,90,90,90,89,102,102,158,188,187,137,154,168,202,209,223,218,265,289,264,185,147,138,123,96,83,76,70,58,51,48,48,54,66,70,57,47,48,48,43,35,27,18,10,5,3,0,0,0,0
Perivale,0,0,0,0,0,0,0,0,0,0,0,0,2,9,18,26,42,65,98,119,129,132,148,186,211,194,140,108,91,79,60,51,46,45,39,37,36,35,33,34,36,36,33,29,30,32,30,29,29,29,27,27,27,31,33,37,39,42,40,52,58,65,58,64,58,52,38,33,28,24,19,18,16,14,13,13,15,14,11,10,10,10,9,8,7,6,5,5,3,1,1,0,0,0,0,0
Piccadilly Circus,0,0,0,0,0,0,0,0,0,0,0,0,0,15,25,31,23,28,28,42,55,60,54,60,75,87,90,93,103,123,139,157,174,208,230,251,273,314,344,392,443,487,506,541,584,615,632,668,725,771,794,833,885,926,947,1008,1067,1144,1164,1363,1495,1776,1905,2135,2100,2008,1753,1603,1454,1309,1173,1135,1101,1073,1038,1055,1038,1013,1038,1259,1522,1647,1483,1260,1141,1113,1022,867,642,321,79,0,0,0,0,0
Pimlico,0,0,0,0,0,0,0,0,0,0,0,0,0,9,13,18,30,48,68,91,126,175,224,284,355,416,409,359,310,291,255,213,180,173,162,148,141,146,147,152,168,185,190,189,196,197,191,187,194,203,201,210,230,271,293,349,387,429,415,495,549,597,568,567,511,433,344,290,251,223,187,164,148,147,133,120,109,111,107,102,85,78,64,59,58,61,54,40,25,13,6,0,0,0,0,0
Pinner,0,0,0,0,0,0,0,0,0,0,0,0,0,6,14,24,37,55,67,94,137,259,351,395,327,271,198,165,122,93,67,62,56,52,45,45,43,42,39,38,37,37,35,35,33,32,29,29,30,30,27,27,27,28,29,34,36,37,35,37,36,43,45,50,42,37,26,23,18,16,13,11,9,9,8,8,7,8,7,7,7,7,8,15,26,30,24,13,6,2,1,0,0,0,0,0
Plaistow,0,0,0,0,0,0,0,0,0,0,0,6,33,69,95,123,173,230,280,322,348,334,314,335,393,404,363,326,295,246,193,164,159,155,142,125,127,127,118,104,106,111,114,113,116,114,106,104,105,106,96,94,111,127,131,120,124,125,124,135,150,153,134,128,124,116,97,83,80,76,66,57,56,55,48,45,44,43,37,34,33,31,26,25,23,20,15,12,7,3,1,1,0,0,0,0
Preston Road,0,0,0,0,0,0,0,0,0,0,0,0,0,16,25,40,68,91,116,138,166,173,202,267,328,313,262,212,172,136,111,95,81,74,66,62,60,58,53,52,52,51,49,49,49,46,46,46,45,41,40,38,39,41,44,51,55,53,47,47,50,51,46,44,46,44,38,35,30,27,22,21,18,17,13,12,13,13,12,11,11,10,10,9,9,8,7,5,2,1,1,1,0,0,0,0
Putney Bridge,0,0,0,0,0,0,0,0,0,0,0,1,1,4,10,17,27,44,61,90,131,190,250,321,362,355,308,250,201,165,138,111,100,92,85,81,85,88,90,87,94,97,92,86,92,93,87,82,84,86,84,85,90,98,103,120,138,148,151,179,197,235,249,268,250,225,169,134,117,100,78,68,63,55,47,42,43,42,39,38,39,38,37,38,43,44,38,26,15,6,2,1,0,0,0,0
Queen's Park,0,0,0,0,0,0,0,0,0,0,0,4,13,21,24,32,49,65,75,98,134,186,257,349,444,501,486,415,344,280,212,154,130,124,114,103,98,97,93,92,95,97,91,87,89,90,85,82,84,85,84,87,92,98,98,99,103,110,110,123,136,154,153,161,162,153,127,109,101,88,69,60,56,53,44,43,43,43,38,37,36,35,33,29,26,24,24,20,13,5,2,0,0,0,0,0
Queensbury,0,0,0,0,0,0,0,0,0,0,0,0,7,26,41,68,122,190,243,271,266,254,268,318,349,324,252,192,153,124,94,77,70,66,56,51,52,50,47,45,44,43,40,40,42,41,37,36,37,36,31,34,38,41,42,47,49,51,50,51,53,54,53,53,51,44,36,36,36,31,23,20,18,18,16,18,19,16,14,14,14,12,9,8,7,6,5,4,3,1,0,0,0,0,0,0
Queensway,0,0,0,0,0,0,0,0,0,0,0,0,0,5,11,18,25,39,50,68,89,119,148,190,261,335,351,319,282,277,266,254,229,215,192,169,155,151,140,137,138,136,125,122,125,131,131,128,132,142,143,148,160,169,164,175,190,203,200,216,235,244,231,237,253,260,239,215,189,167,149,140,138,135,128,120,108,105,102,106,102,97,92,110,128,128,102,80,51,24,3,0,0,0,0,0
Ravenscourt Park,0,0,0,0,0,0,0,0,0,0,0,1,2,3,4,5,9,16,23,32,46,68,91,121,159,177,155,120,99,87,67,50,41,42,42,38,40,43,43,37,39,41,39,39,41,44,39,37,39,42,41,43,39,61,115,202,220,177,109,114,124,134,114,127,126,117,85,70,57,45,35,33,32,29,25,23,24,24,21,20,23,24,22,21,20,19,16,11,6,3,2,1,0,0,0,0
Rayners Lane,0,0,0,0,0,0,0,0,0,0,0,0,9,17,31,40,62,81,106,139,194,249,314,381,415,385,306,237,183,156,126,109,91,87,79,75,73,73,67,65,65,65,63,63,63,62,59,56,55,55,54,54,53,54,60,69,73,73,69,94,122,127,100,90,84,74,62,56,51,43,35,29,27,24,22,21,21,18,17,24,28,24,15,14,14,12,8,6,5,3,2,1,0,0,0,0
Redbridge,0,0,0,0,0,0,0,0,0,0,0,0,6,14,29,52,78,94,104,119,131,144,163,214,256,257,214,167,137,115,98,80,73,68,60,54,53,50,45,44,45,42,40,41,43,38,34,34,36,36,32,32,33,34,33,36,39,42,44,44,49,53,52,45,41,38,34,31,28,25,20,17,15,14,13,13,13,11,10,10,10,10,9,7,6,5,4,3,2,1,1,1,0,0,0,0
Regent's Park,0,0,0,0,0,0,0,0,0,0,0,0,0,0,0,2,3,4,6,6,9,14,19,24,34,46,49,45,39,44,47,47,46,49,50,49,52,59,60,62,66,69,67,72,75,78,68,66,64,76,82,92,94,103,117,157,181,193,176,230,262,287,251,255,230,211,166,138,111,93,76,72,69,68,64,57,50,44,39,33,27,23,22,20,17,16,14,12,10,6,3,0,0,0,0,0
Richmond,0,0,0,0,0,0,0,0,0,0,0,0,1,3,6,10,22,61,95,143,222,335,434,576,643,614,527,460,433,170,238,158,219,123,137,116,120,122,115,98,110,111,121,96,147,102,103,86,93,92,80,63,75,85,101,99,101,162,193,199,255,191,237,281,346,276,184,119,109,88,78,47,33,40,38,33,38,41,40,69,45,53,63,59,51,35,29,14,14,15,13,9,5,0,0,0
Rickmansworth,0,0,0,0,0,0,0,0,0,0,0,0,1,10,22,29,26,37,77,108,131,137,203,225,214,138,103,71,59,55,47,44,32,33,28,29,26,28,25,25,24,26,25,25,25,26,24,35,37,30,11,37,84,253,263,174,40,62,48,59,68,84,74,67,48,38,27,22,21,17,14,12,12,12,7,8,8,10,8,10,9,8,7,9,8,7,7,6,5,3,2,1,1,0,0,0
Roding Valley,0,0,0,0,0,0,0,0,0,0,0,0,0,0,0,2,2,5,13,13,14,21,34,62,67,46,13,12,9,7,4,6,4,2,1,2,2,1,1,1,2,3,4,3,1,1,1,2,1,1,1,1,2,4,5,4,4,5,5,4,2,4,4,3,3,5,3,2,3,3,1,2,2,1,0,0,0,0,1,1,1,1,2,1,0,0,0,1,1,1,0,0,0,0,0,0
Royal Oak,0,0,0,0,0,0,0,0,0,0,0,2,4,5,5,5,10,18,26,32,46,65,86,104,130,139,127,104,89,76,59,49,43,41,36,33,32,34,33,32,34,40,42,42,40,41,38,35,34,35,36,37,39,45,50,55,59,63,64,77,87,92,81,85,92,97,82,69,57,50,41,43,42,40,34,35,31,26,22,28,33,30,22,18,20,19,16,13,9,5,1,0,0,0,0,0
Ruislip,0,0,0,0,0,0,0,0,0,0,0,0,5,6,7,10,17,26,37,50,74,104,132,145,144,131,112,90,71,62,56,50,43,42,39,38,37,36,34,33,31,30,31,31,30,29,30,29,27,28,29,29,28,29,30,33,33,34,31,32,33,36,36,35,30,26,21,18,16,14,12,10,12,12,12,10,9,8,7,7,7,6,5,5,7,6,4,2,2,2,1,0,0,0,0,0
Ruislip Gardens,0,0,0,0,0,0,0,0,0,0,0,0,6,10,14,17,31,42,50,55,70,89,102,127,135,118,77,58,45,37,30,26,20,18,17,17,15,13,13,13,13,14,13,14,13,13,13,13,11,11,11,14,18,21,19,20,19,18,17,19,21,19,17,15,16,18,16,12,10,9,7,6,6,6,5,4,3,3,3,3,3,3,2,1,1,2,2,1,0,0,0,0,0,0,0,0
Ruislip Manor,0,0,0,0,0,0,0,0,0,0,0,0,4,4,9,19,33,44,53,68,94,131,167,189,189,165,127,91,68,57,50,44,36,34,34,33,31,28,27,28,28,27,27,26,25,24,25,25,23,21,20,25,31,68,98,97,54,34,28,32,29,26,24,28,28,25,19,17,13,11,10,9,9,8,7,7,8,7,6,6,6,5,4,4,5,5,4,4,3,2,1,1,1,0,0,0
Russell Square,0,0,0,0,0,0,0,0,0,0,0,0,0,6,10,15,17,21,27,33,46,65,79,98,125,162,182,201,204,249,286,304,277,268,241,219,205,198,182,184,199,210,219,255,285,291,265,263,266,281,283,325,356,373,372,447,540,577,536,590,651,668,598,592,563,543,491,463,416,377,334,336,342,355,337,336,311,264,206,187,186,171,156,159,164,148,117,95,70,38,13,0,0,0,0,0
Seven Sisters,0,0,0,0,0,0,0,0,0,0,0,6,51,113,162,192,254,347,460,608,729,736,684,721,868,929,829,694,633,602,491,377,311,310,290,257,250,257,246,223,223,236,237,223,226,236,231,217,217,221,215,211,220,231,232,241,259,271,272,299,333,346,319,298,280,266,236,207,188,175,155,135,126,123,121,115,109,106,103,98,97,90,76,63,59,54,47,39,26,13,4,2,1,0,0,0
Shepherd's Bush (Cen),0,0,0,0,0,0,0,0,0,0,0,0,0,23,34,55,87,136,186,244,341,448,570,682,915,1085,1102,957,826,685,528,392,313,294,286,259,257,272,279,270,280,301,311,303,316,332,338,332,343,360,365,358,364,386,445,489,530,541,562,586,650,736,791,859,903,887,794,699,620,556,501,453,429,402,361,342,361,355,321,352,428,457,439,437,404,316,222,171,116,58,11,3,0,0,0,0
Shepherd's Bush (H&C),0,0,0,0,0,0,0,0,0,0,0,5,5,7,9,11,19,29,38,49,74,102,126,150,185,211,207,174,136,110,91,75,64,59,56,54,56,56,56,54,57,61,64,63,66,70,70,66,65,65,65,66,69,70,73,77,85,87,84,85,92,96,93,97,100,96,83,73,63,56,50,45,42,38,34,33,32,30,28,31,39,45,53,56,50,34,22,17,13,7,3,1,0,0,0,0
Sloane Square,0,0,0,0,0,0,0,0,0,0,0,0,6,8,16,27,44,75,106,137,183,257,330,404,492,586,600,535,438,367,303,256,236,230,223,214,224,242,253,266,282,301,308,318,328,335,330,333,344,355,357,371,406,460,506,564,613,634,626,679,728,732,693,740,778,741,618,545,526,471,365,287,278,260,235,235,253,260,247,228,215,205,180,155,156,160,143,116,86,49,19,0,0,0,0,0
Snaresbrook,0,0,0,0,0,0,0,0,0,0,0,0,1,17,13,19,36,50,61,102,155,209,252,334,384,378,318,270,206,147,95,64,45,48,48,46,42,40,38,38,39,39,38,38,38,35,29,26,26,28,28,30,32,36,40,54,82,98,81,56,50,49,42,39,42,41,34,26,21,18,15,14,14,12,10,9,10,10,9,9,9,9,7,9,10,9,5,3,2,1,1,1,0,0,0,0
South Ealing,0,0,0,0,0,0,0,0,0,0,0,7,13,20,24,31,42,54,74,111,155,180,211,249,269,241,219,205,179,134,96,79,70,65,55,51,52,52,51,52,55,57,57,58,59,56,50,53,57,52,48,51,59,60,57,61,72,77,76,85,97,101,94,92,90,81,67,57,48,42,36,32,29,26,25,26,28,26,22,21,21,20,15,12,13,15,14,10,5,3,2,1,0,0,0,0
South Harrow,0,0,0,0,0,0,0,0,0,0,0,8,13,16,19,35,47,59,67,86,105,129,143,165,186,187,156,122,102,87,71,60,53,52,49,45,45,46,42,38,40,43,40,37,36,37,35,32,32,32,32,31,30,31,36,45,58,62,53,43,45,53,54,50,43,41,35,29,25,24,21,18,16,14,13,11,12,13,12,10,9,9,8,9,9,7,4,3,3,2,2,1,0,1,0,0
South Kensington,0,0,0,0,0,0,0,0,0,0,0,3,6,16,24,36,58,93,119,147,189,253,307,375,477,583,619,572,489,427,373,336,316,325,322,332,353,387,418,474,532,571,582,608,637,655,643,654,675,694,692,771,856,921,942,1136,1301,1366,1276,1475,1715,1858,1722,1684,1597,1401,1093,909,816,714,608,573,579,565,524,539,538,499,459,520,569,588,573,554,465,373,304,265,210,122,39,0,0,0,0,0
South Kenton,0,0,0,0,0,0,0,0,0,0,0,0,0,1,3,7,11,16,28,36,44,56,93,126,115,90,82,78,53,39,41,47,35,28,20,26,22,24,18,15,24,30,26,12,13,23,24,20,19,19,9,7,8,17,25,23,18,17,18,10,16,21,20,10,11,11,6,1,4,7,8,6,2,2,6,5,2,1,1,2,4,6,5,5,4,3,3,3,3,3,2,1,0,0,0,0
South Ruislip,0,0,0,0,0,0,0,0,0,0,0,0,4,9,17,26,42,53,62,74,99,130,166,204,203,166,121,99,77,60,48,40,33,31,28,26,25,24,22,21,21,22,21,20,20,20,18,17,18,18,16,19,25,26,24,23,25,25,26,32,38,40,36,38,40,37,29,23,19,16,13,13,12,11,8,7,7,7,6,6,7,8,7,5,5,4,2,2,0,0,0,0,0,0,0,0
South Wimbledon,0,0,0,0,0,0,0,0,0,0,0,0,11,11,14,24,41,60,81,112,161,213,286,386,461,423,321,225,161,108,82,68,61,55,50,48,49,48,45,43,46,49,48,46,46,46,45,46,48,49,47,48,50,55,60,65,68,76,78,91,103,120,126,129,124,113,96,82,73,63,50,42,38,34,29,26,25,25,25,26,28,26,23,24,25,23,19,13,7,1,1,1,1,0,0,0
South Woodford,0,0,0,0,0,0,0,0,0,0,0,1,6,13,21,30,49,64,78,109,170,241,319,403,476,487,403,289,206,168,138,110,90,76,66,59,60,63,63,58,54,52,52,51,49,47,46,44,43,41,40,39,40,44,50,53,55,61,63,75,84,87,78,76,71,65,55,46,40,33,29,25,24,23,19,15,15,15,16,13,14,14,15,15,14,13,10,8,5,4,3,2,0,0,0,0
Southfields,0,0,0,0,0,0,0,0,0,0,0,7,8,12,24,43,62,85,127,203,285,372,474,615,694,633,482,364,289,225,166,136,119,112,101,96,99,98,92,87,90,89,85,80,84,83,78,71,69,81,98,105,97,88,89,104,112,108,99,109,114,118,113,115,114,109,96,90,83,71,55,49,41,34,27,26,32,47,49,38,23,19,16,15,16,15,12,7,4,2,2,1,0,0,0,0
Southgate,0,0,0,0,0,0,0,0,0,0,0,0,17,17,21,37,61,91,122,162,197,249,321,420,462,424,337,281,233,193,152,133,116,106,95,93,95,93,89,92,93,94,88,90,91,88,78,73,73,77,77,79,78,79,79,89,96,98,94,111,131,141,121,107,98,88,73,64,58,48,40,35,34,35,34,35,33,30,24,24,24,24,21,17,15,15,14,9,4,0,0,0,0,0,0,0
Southwark,0,0,0,0,0,0,0,0,0,0,0,0,0,13,15,20,30,53,77,98,132,184,245,361,476,583,643,624,471,330,246,212,178,171,152,147,142,145,146,166,183,195,190,194,190,189,179,180,181,196,196,220,232,251,265,376,447,491,476,630,715,855,875,919,783,646,475,396,331,276,218,198,179,161,140,147,150,141,133,138,134,125,111,109,107,109,98,83,59,33,14,6,0,0,0,0
St. James's Park,0,0,0,0,0,0,0,0,0,0,0,0,1,2,6,10,15,22,35,50,62,74,89,111,146,185,199,195,186,184,167,156,151,162,165,169,167,184,203,253,294,325,318,318,310,317,299,300,303,329,331,380,405,470,541,756,864,938,924,1161,1294,1419,1324,1289,1119,959,753,615,495,387,306,254,218,189,156,139,129,121,109,103,96,88,75,74,77,72,53,32,20,10,3,0,0,0,0,0
St. John's Wood,0,0,0,0,0,0,0,0,0,0,0,0,3,4,5,12,25,43,59,76,101,151,206,260,335,401,392,325,262,218,173,143,127,125,120,113,110,111,115,119,127,127,121,120,124,127,119,116,122,132,129,134,152,177,192,209,228,249,251,302,340,355,294,291,284,266,204,182,162,138,107,102,105,107,98,91,77,65,55,53,50,50,49,48,48,44,35,23,15,8,4,0,0,0,0,0
St. Paul's,0,0,0,0,0,0,0,0,0,0,0,0,0,0,4,9,14,19,18,26,33,41,42,44,47,60,74,82,86,101,109,120,128,149,158,166,171,190,207,252,303,339,327,319,318,329,324,334,347,366,359,378,405,453,460,531,616,679,641,771,911,1069,1081,1138,1085,1012,868,759,664,561,450,391,356,322,280,266,255,238,209,206,203,194,173,168,163,159,136,115,84,47,13,0,0,0,0,0
Stamford Brook,0,0,0,0,0,0,0,0,0,0,0,3,3,5,8,12,19,24,33,52,74,108,145,190,212,212,180,145,118,99,79,60,53,50,46,41,40,41,41,40,43,44,42,42,43,40,37,36,38,38,38,40,44,46,48,62,70,70,68,83,93,99,93,106,122,123,97,73,62,55,43,40,39,34,24,21,25,24,21,17,18,20,20,19,19,17,12,8,6,3,2,1,0,0,0,0
Stanmore,0,0,0,0,0,0,0,0,0,0,0,0,9,12,19,34,61,86,110,129,155,187,253,307,303,243,185,147,114,108,107,100,77,67,59,58,59,58,54,53,53,54,52,50,48,47,45,43,42,42,41,42,45,57,69,75,71,70,79,93,100,110,108,97,79,74,65,58,49,39,29,23,20,21,20,18,16,15,14,11,11,11,12,10,11,10,8,5,5,0,0,0,0,0,0,0
Stepney Green,0,0,0,0,0,0,0,0,0,0,0,0,4,10,16,21,32,41,44,53,71,91,112,150,199,240,235,212,178,158,124,104,90,90,83,83,84,86,79,78,82,86,81,86,94,101,95,98,99,102,99,111,130,141,146,175,195,198,201,259,274,245,186,177,165,150,128,123,116,104,90,87,88,84,73,66,61,58,52,49,46,44,38,35,39,41,35,24,15,9,4,2,0,0,0,0
Stockwell,0,0,0,0,0,0,0,0,0,0,0,5,24,50,54,55,79,130,163,206,278,384,495,661,940,1209,1166,888,602,459,323,234,183,175,165,144,136,140,135,124,122,133,138,134,130,132,126,117,115,122,121,120,127,141,147,154,161,176,176,200,217,227,210,206,201,195,176,157,141,127,109,98,95,89,78,73,71,65,63,64,63,57,54,57,60,56,48,41,33,18,6,2,0,0,0,0
Stonebridge Park,0,0,0,0,0,0,0,0,0,0,0,0,8,11,18,28,45,57,80,111,123,116,125,164,194,181,139,105,87,69,52,48,47,44,38,37,39,39,37,37,41,40,37,35,38,37,38,41,44,44,46,47,44,42,47,58,63,66,64,76,88,104,101,99,91,77,57,46,45,37,29,25,24,21,19,19,17,19,20,22,21,20,16,11,8,9,9,6,3,2,0,0,0,0,0,0
Stratford,0,0,0,0,0,0,0,0,0,0,0,44,120,203,257,346,462,626,807,961,1091,1089,1102,1133,1410,1572,1501,1182,994,907,793,654,612,626,628,623,666,706,707,696,746,795,831,859,931,972,989,1018,1083,1125,1134,1145,1200,1252,1289,1363,1477,1548,1520,1587,1727,1819,1732,1677,1623,1586,1472,1397,1307,1226,1113,1044,1018,968,899,881,898,846,746,775,780,702,534,472,424,377,293,207,144,91,51,23,4,0,0,0
Sudbury Hill,0,0,0,0,0,0,0,0,0,0,0,0,12,14,29,41,56,73,100,123,133,138,150,192,216,190,131,96,82,70,53,45,40,37,33,34,35,33,28,30,33,33,30,30,30,29,27,27,26,27,26,26,25,25,28,36,40,39,37,41,44,45,44,46,46,40,32,27,24,20,16,15,16,15,12,10,11,11,8,9,10,9,5,5,5,5,4,3,2,1,1,0,0,0,0,0
Sudbury Town,0,0,0,0,0,0,0,0,0,0,0,0,11,14,25,35,53,67,77,94,115,136,154,192,220,209,162,115,89,75,66,59,53,49,45,45,42,38,33,31,32,33,34,32,30,29,28,27,28,28,25,24,24,25,25,28,33,36,35,36,40,40,40,39,37,34,31,28,24,21,18,17,15,14,13,11,12,12,11,10,8,8,7,5,5,6,5,3,2,2,1,1,0,0,0,0
Swiss Cottage,0,0,0,0,0,0,0,0,0,0,0,0,6,9,13,18,27,47,67,92,125,180,249,329,411,490,487,419,330,277,220,177,154,150,140,129,126,128,124,123,125,133,127,124,124,130,122,117,119,123,119,123,130,139,144,179,202,216,213,289,333,328,266,282,282,255,200,188,175,154,130,125,121,105,85,85,85,93,83,109,114,106,71,71,79,75,59,38,27,17,8,0,0,0,0,0
Temple,0,0,0,0,0,0,0,0,0,0,0,0,2,2,2,2,2,2,4,8,9,11,14,17,20,27,32,38,39,43,46,57,61,66,60,85,101,105,88,117,142,151,138,164,176,171,143,171,188,187,156,190,215,223,200,269,317,353,325,437,508,601,590,669,647,591,451,394,340,312,263,236,205,188,158,160,163,153,124,120,140,158,150,118,100,93,84,71,54,33,11,1,0,0,0,0
Theydon Bois,0,0,0,0,0,0,0,0,0,0,0,2,5,9,12,22,36,41,39,40,54,64,76,89,89,70,48,35,24,23,20,19,14,13,12,12,11,11,10,10,10,10,9,9,9,9,8,8,7,7,9,9,9,9,10,14,16,14,11,12,13,13,12,12,11,9,8,7,5,5,4,5,4,3,2,3,2,1,1,4,6,5,2,2,3,3,2,1,1,0,0,0,1,0,0,0
Tooting Bec,0,0,0,0,0,0,0,0,0,0,0,1,8,15,26,38,72,108,152,200,287,394,523,662,799,789,675,525,426,307,217,157,137,125,119,112,111,107,102,100,103,108,106,104,100,98,93,91,91,93,89,88,91,97,100,109,119,131,133,142,156,160,145,132,132,131,119,109,99,89,74,69,65,59,50,49,49,46,41,37,36,32,31,31,29,26,23,18,10,6,2,2,1,0,0,0
Tooting Broadway,0,0,0,0,0,0,0,0,0,0,0,0,34,53,72,104,157,200,276,388,493,569,651,801,982,997,835,642,535,437,347,273,245,237,223,211,220,219,209,206,221,228,224,222,236,235,220,210,217,218,211,221,235,244,262,296,319,333,345,400,468,491,440,384,352,313,276,247,235,210,180,166,165,155,131,124,121,109,91,88,91,88,78,72,68,61,52,40,22,7,3,3,1,0,0,0
Tottenham Court Road,0,0,0,0,0,0,0,0,0,0,0,0,1,7,18,26,25,28,36,49,55,63,73,94,115,133,140,144,149,168,179,190,203,233,251,264,289,324,364,417,482,529,556,585,627,671,681,679,691,720,745,792,843,890,913,993,1066,1139,1138,1306,1474,1798,2030,2277,2235,2125,1864,1650,1426,1260,1087,995,943,906,845,824,822,792,748,722,912,1080,1101,883,790,751,714,594,441,237,79,0,0,0,0,0
Tottenham Hale,0,0,0,0,0,0,0,0,0,0,0,0,13,26,44,84,131,162,205,313,386,452,464,575,628,694,600,517,438,383,328,281,281,245,229,202,190,181,181,170,171,168,171,172,175,168,167,154,152,139,141,137,142,135,142,151,183,186,204,195,251,257,283,264,279,242,212,180,160,134,112,101,96,90,86,82,76,65,57,61,71,74,62,53,47,39,34,27,16,5,3,2,0,0,0,0
Totteridge & Whetstone,0,0,0,0,0,0,0,0,0,0,0,0,4,9,14,19,28,40,55,76,97,132,188,240,244,205,156,122,95,79,63,56,49,43,38,37,37,34,30,29,32,34,32,30,29,28,26,24,23,22,22,26,29,29,30,32,33,34,33,41,48,54,47,43,38,35,27,21,17,16,13,12,11,11,10,10,10,10,10,11,12,11,9,9,7,5,3,2,1,0,0,0,0,0,0,0
Tower Hill,0,0,0,0,0,0,0,0,0,0,0,0,5,11,19,56,79,167,247,370,455,595,669,787,951,1107,1066,931,749,595,447,372,350,316,313,280,306,279,307,298,341,340,366,352,372,363,374,362,377,372,386,395,431,444,468,529,589,645,669,803,907,1076,1144,1157,1025,903,748,614,509,431,354,298,267,239,217,205,203,197,181,173,191,196,180,165,170,160,131,104,74,40,11,1,0,0,0,0
Tufnell Park,0,0,0,0,0,0,0,0,0,0,0,0,0,2,6,13,22,32,43,62,93,140,181,226,288,325,310,268,245,225,185,136,103,94,84,70,67,70,70,66,67,66,62,59,62,64,60,55,52,53,51,54,62,71,71,67,66,66,65,70,75,80,80,82,83,85,77,72,67,62,51,44,39,35,33,31,30,31,32,30,28,27,27,32,35,33,28,26,17,8,0,0,1,0,0,0
Turnham Green,0,0,0,0,0,0,0,0,0,0,0,2,6,12,17,26,42,65,88,117,164,240,329,426,483,466,394,335,281,223,163,131,114,109,100,94,93,95,94,94,98,95,88,83,89,90,86,82,86,88,82,84,91,91,91,115,140,141,128,151,177,208,215,239,241,221,171,140,121,100,80,72,66,57,50,50,50,54,55,55,51,49,42,42,44,43,35,28,18,9,4,2,1,0,0,0
Turnpike Lane,0,0,0,0,0,0,0,0,0,0,0,0,21,56,86,109,155,213,290,357,416,428,455,526,661,702,618,517,474,431,346,273,238,236,215,191,192,199,186,165,166,173,168,160,167,173,166,152,156,160,155,148,154,155,150,154,171,181,176,181,195,199,185,178,180,176,156,140,126,112,93,83,76,70,63,59,60,58,54,52,54,49,43,37,35,32,30,25,16,6,2,2,2,0,0,0
Upminster,0,0,0,0,0,0,0,0,0,0,0,5,9,21,64,100,134,175,222,299,386,457,490,552,601,478,329,205,166,115,109,97,78,70,63,61,71,65,54,48,55,58,50,43,48,56,63,55,50,38,42,42,45,69,116,131,101,67,57,70,77,74,68,64,54,36,38,43,41,29,25,30,25,21,18,24,23,17,14,13,14,17,12,11,16,23,17,9,4,2,2,0,0,0,0,0
Upminster Bridge,0,0,0,0,0,0,0,0,0,0,0,5,6,8,14,21,31,35,38,40,52,66,79,90,92,80,56,35,21,17,16,16,11,10,10,16,18,13,5,17,27,26,13,18,32,34,24,23,33,35,37,49,49,39,46,90,122,102,69,45,35,18,17,17,15,12,10,10,10,8,6,5,6,5,4,3,3,3,3,3,2,2,2,2,2,2,2,0,0,0,0,0,0,0,0,0
Upney,0,0,0,0,0,0,0,0,0,0,0,9,18,26,31,51,71,87,101,122,129,125,137,179,209,187,151,127,112,87,68,56,49,47,46,43,46,44,40,37,39,37,35,36,38,37,33,32,33,33,34,39,48,51,45,39,41,44,42,45,45,44,39,39,36,32,26,25,24,21,15,14,14,13,13,12,11,10,10,10,9,8,7,6,4,4,3,2,0,0,0,0,0,0,0,0
Upton Park,0,0,0,0,0,0,0,0,0,0,0,10,57,107,146,188,266,325,361,417,465,460,435,498,594,627,575,521,465,404,319,272,251,243,221,207,221,221,205,191,202,205,197,193,203,205,199,204,218,217,201,195,200,211,224,235,235,225,217,224,238,233,209,200,201,186,157,147,148,136,111,94,88,83,74,74,72,66,54,56,56,48,36,36,38,32,21,13,7,2,1,1,0,0,0,0
Uxbridge,0,0,0,0,0,0,0,0,0,0,0,4,6,10,18,34,62,84,105,123,160,190,232,274,283,229,160,121,103,107,111,110,100,102,103,109,115,122,124,132,149,160,160,160,168,167,156,154,173,184,178,181,204,220,224,261,312,348,339,398,459,505,463,417,342,286,229,189,162,140,109,93,89,86,72,63,57,50,43,41,42,39,35,31,28,23,19,14,11,7,4,1,0,0,0,0
Vauxhall,0,0,0,0,0,0,0,0,0,0,0,0,9,27,35,64,119,194,256,335,494,681,857,964,1180,1403,1522,1404,1180,977,789,630,509,476,430,384,353,354,349,344,347,375,380,367,367,381,370,341,343,357,354,348,371,400,423,483,556,639,674,803,945,1073,1117,1161,1119,994,855,702,560,447,385,331,288,247,218,196,181,168,167,170,185,179,164,144,146,139,137,119,91,43,15,0,0,0,0,0
Victoria,0,0,0,0,0,0,0,0,0,0,0,0,25,42,78,119,213,480,757,1143,1334,1819,2243,2838,3086,3479,3563,3454,3052,2888,2574,2308,2078,2124,1929,1759,1629,1748,1728,1729,1675,1739,1657,1619,1570,1629,1565,1537,1489,1539,1487,1494,1486,1587,1599,1725,1848,2068,2114,2403,2641,3040,3128,3239,3073,2872,2450,2117,1831,1588,1326,1185,1088,1022,930,904,870,801,726,689,771,1146,1208,921,554,552,493,420,337,212,85,7,0,0,0,0
Walthamstow Central,0,0,0,0,0,0,0,0,0,0,0,5,68,143,184,247,369,502,663,866,980,929,933,1070,1267,1252,1090,882,773,668,535,414,356,335,295,265,264,261,242,229,233,236,226,220,230,235,224,215,216,210,197,190,194,197,193,204,239,256,251,244,265,282,277,261,250,235,204,172,153,136,116,96,87,82,83,83,85,78,73,70,70,64,55,46,42,41,37,25,12,5,3,2,0,0,0,0
Wanstead,0,0,0,0,0,0,0,0,0,0,0,0,4,8,13,20,31,40,50,71,96,127,161,216,273,272,220,166,133,105,81,69,58,58,53,51,51,51,43,41,44,48,46,42,40,39,37,35,34,33,32,30,35,47,51,49,44,46,44,52,58,60,54,53,52,49,41,35,28,24,20,19,18,17,14,14,13,12,13,14,14,12,12,13,15,15,12,7,5,3,2,2,0,0,0,0
Warren Street,0,0,0,0,0,0,0,0,0,0,0,0,0,6,7,11,14,21,28,38,48,58,68,85,110,142,159,155,139,140,141,138,132,146,153,164,172,190,197,220,249,280,290,308,322,322,292,291,301,314,312,357,396,422,441,587,692,792,786,1061,1257,1485,1484,1534,1415,1264,1056,898,773,650,536,480,447,417,377,360,333,294,253,242,231,211,183,174,176,176,153,119,87,55,23,1,0,0,0,0
Warwick Avenue,0,0,0,0,0,0,0,0,0,0,0,0,0,0,8,15,26,41,53,71,98,141,190,249,321,367,356,299,233,185,144,117,92,84,73,68,70,74,71,72,74,78,73,71,70,72,69,67,66,67,66,71,76,81,83,93,106,115,110,123,137,152,143,149,148,144,118,108,98,85,64,56,54,50,41,39,42,41,35,30,31,31,31,32,37,37,30,20,12,6,1,0,0,0,0,0
Waterloo,0,0,0,0,0,0,0,0,0,0,0,0,2,30,44,51,205,529,991,1451,2196,2976,4273,5606,6743,7532,7863,7551,6228,4773,3252,2466,1967,1960,1783,1571,1361,1352,1320,1319,1321,1358,1282,1229,1208,1239,1206,1147,1092,1111,1099,1116,1104,1145,1176,1260,1379,1494,1593,1819,2024,2339,2543,2709,2685,2647,2443,2188,1801,1512,1206,1050,912,846,786,772,737,689,713,752,786,829,799,684,583,540,505,445,345,196,82,20,0,0,0,0
Watford,0,0,0,0,0,0,0,0,0,0,0,0,7,13,19,20,29,42,56,70,94,134,156,165,155,129,79,44,31,31,30,28,21,22,19,19,18,19,19,20,20,20,20,29,31,26,18,20,20,18,19,12,86,117,93,26,49,60,56,50,52,49,45,41,36,26,25,21,17,14,13,12,12,11,8,7,7,8,7,7,7,6,5,6,4,3,3,3,2,2,1,1,0,0,0,0
Wembley Central,0,0,0,0,0,0,0,0,0,0,0,0,9,24,40,53,70,102,137,168,191,196,220,257,286,257,206,169,153,136,115,102,96,92,87,82,83,83,86,89,89,86,86,91,98,96,97,101,105,100,96,98,103,103,105,110,113,116,127,145,152,141,135,134,127,106,96,93,88,73,62,58,56,50,45,43,44,42,37,35,33,43,48,42,25,18,13,10,7,4,2,0,1,1,1,0
Wembley Park,0,0,0,0,0,0,0,0,0,0,0,20,24,35,61,76,119,171,240,305,374,389,408,484,605,634,559,454,382,345,302,254,218,211,202,184,181,178,170,165,171,179,177,177,184,185,172,161,161,165,166,178,189,206,207,228,249,286,290,344,394,424,379,353,324,278,212,179,171,152,120,112,114,109,92,82,79,75,68,74,80,75,55,47,50,51,42,31,26,18,8,3,2,0,0,0
West Acton,0,0,0,0,0,0,0,0,0,0,0,0,0,6,4,11,21,25,35,48,56,73,105,135,147,140,115,97,84,69,51,43,39,36,32,29,30,32,30,28,29,31,27,25,27,26,22,22,25,24,22,22,22,37,58,59,42,34,36,37,38,46,45,45,40,36,26,22,21,19,14,10,9,8,7,7,6,6,5,7,8,8,5,5,4,3,3,2,1,0,0,0,0,0,0,0
West Brompton,0,0,0,0,0,0,0,0,0,0,0,0,7,5,7,11,19,28,38,49,64,101,128,146,141,148,150,141,130,118,102,90,97,99,82,70,70,72,76,76,78,79,81,81,82,81,82,82,87,88,88,88,97,125,165,182,186,185,196,202,223,225,213,189,183,167,147,121,99,86,74,65,59,53,45,40,48,49,43,32,30,30,27,24,35,30,19,9,13,9,4,2,0,0,0,0
West Finchley,0,0,0,0,0,0,0,0,0,0,0,0,0,6,6,10,14,21,32,52,79,106,137,168,191,186,163,136,99,72,54,46,39,37,32,25,23,22,20,18,18,20,19,19,19,18,15,14,14,14,12,12,15,17,16,17,17,16,16,21,26,27,26,23,24,22,18,14,13,12,10,8,7,6,6,6,5,4,5,5,4,4,4,5,5,4,3,2,1,1,0,0,0,0,0,0
West Ham,0,0,0,0,0,0,0,0,0,0,0,0,19,24,30,39,61,85,101,111,129,136,141,149,175,184,172,151,132,111,85,74,72,72,64,57,59,63,61,58,57,59,59,60,62,66,64,61,62,65,59,59,70,81,84,85,86,83,80,88,91,90,82,82,77,73,65,61,60,56,45,42,40,36,34,36,37,35,31,32,35,32,22,13,11,10,9,7,5,2,1,1,0,0,0,0
West Hampstead,0,0,0,0,0,0,0,0,0,0,0,0,9,10,15,29,58,95,152,236,352,454,553,667,833,966,945,774,559,423,325,251,196,186,183,159,149,143,139,131,139,139,135,125,129,131,130,117,122,128,130,122,126,126,144,169,195,194,204,223,259,282,295,303,315,301,278,242,207,168,149,124,106,87,81,72,71,61,65,60,66,56,61,60,70,61,56,41,34,19,10,2,0,0,0,0
West Harrow,0,0,0,0,0,0,0,0,0,0,0,0,3,8,12,16,26,35,44,49,62,69,89,118,146,142,112,79,51,38,30,29,25,22,16,16,18,17,16,14,16,16,17,15,14,12,14,15,16,11,12,13,13,11,13,14,13,11,11,13,15,16,15,18,19,18,14,15,12,10,8,8,5,5,3,3,4,2,2,2,3,4,4,3,3,4,3,2,2,1,1,1,0,0,0,0
West Kensington,0,0,0,0,0,0,0,0,0,0,0,3,7,12,16,20,31,44,59,83,121,164,200,253,313,348,312,254,202,179,149,122,104,100,98,96,89,87,84,89,93,113,111,113,132,93,83,83,91,97,101,92,86,93,132,99,123,146,205,170,190,213,214,234,194,191,158,134,116,102,89,79,70,59,52,48,48,49,53,58,56,46,35,32,33,33,29,23,15,8,3,1,0,0,0,0
West Ruislip,0,0,0,0,0,0,0,0,0,0,0,0,6,10,11,15,25,37,46,60,89,115,139,164,187,170,134,102,81,66,60,56,46,38,28,28,27,25,23,25,25,22,21,23,23,22,23,21,21,20,21,17,16,22,25,25,22,27,30,31,33,31,31,28,29,26,26,21,15,11,9,14,14,10,6,7,7,6,6,4,6,6,6,6,6,6,3,2,0,0,0,0,0,0,0,0
Westbourne Park,0,0,0,0,0,0,0,0,0,0,0,2,6,11,15,18,26,32,46,66,87,108,142,192,233,242,226,201,175,142,110,84,70,67,68,62,57,56,56,55,57,60,61,60,63,66,63,57,58,63,61,60,60,67,70,84,97,106,93,110,136,153,130,142,157,153,119,102,89,74,59,50,42,39,36,36,35,33,28,28,30,29,27,25,27,26,23,18,11,5,2,1,0,0,0,0
Westminster,0,0,0,0,0,0,0,0,0,0,0,0,5,12,16,18,21,23,28,41,53,61,67,86,118,147,152,142,129,133,139,146,153,171,193,218,241,269,296,341,389,435,458,480,496,497,490,503,525,539,540,579,623,681,728,841,950,1031,1038,1138,1263,1353,1329,1307,1222,1066,866,740,652,572,483,444,425,398,362,331,313,293,276,272,270,244,209,189,175,150,123,97,67,37,14,3,0,0,0,0
White City,0,0,0,0,0,0,0,0,0,0,0,1,6,18,25,30,35,43,47,66,93,117,139,175,221,254,240,205,175,157,120,94,88,94,88,81,85,96,96,96,104,114,112,111,120,126,117,111,117,125,123,125,136,160,182,221,248,282,289,382,482,608,631,630,575,515,408,315,259,221,177,157,150,138,113,96,92,85,91,99,110,98,80,61,54,48,42,34,21,12,6,2,0,1,1,0
Whitechapel,0,0,0,0,0,0,0,0,0,0,0,0,4,11,16,27,43,59,69,84,115,146,171,214,290,346,355,325,289,255,221,192,180,193,199,213,222,224,211,212,223,243,251,263,273,281,274,290,313,330,324,338,376,416,428,456,495,539,564,626,663,656,606,600,595,557,486,438,410,378,336,321,316,337,324,292,237,205,170,165,164,155,132,126,117,112,99,83,66,46,23,8,0,0,0,0
Willesden Green,0,0,0,0,0,0,0,0,0,0,0,10,23,30,34,55,88,114,145,202,292,359,406,493,640,721,664,538,444,385,315,244,210,203,191,175,184,188,173,150,153,156,145,135,139,146,145,143,146,147,135,128,140,148,140,137,148,152,146,159,181,191,175,165,162,159,145,132,119,111,97,85,76,74,66,61,59,61,55,53,49,48,43,38,35,33,31,24,18,11,6,2,0,0,0,0
Willesden Junction,0,0,0,0,0,0,0,0,0,0,0,0,1,5,15,43,63,77,113,151,182,190,213,219,269,259,223,161,157,132,110,80,69,61,57,65,73,71,61,62,70,70,71,69,72,63,59,58,80,82,66,58,66,59,54,92,114,110,103,137,152,148,139,151,141,121,108,98,78,62,49,40,37,40,32,33,30,26,21,20,31,40,35,24,26,24,13,4,4,4,1,1,0,0,0,0
Wimbledon,0,0,0,0,0,0,0,0,0,0,0,1,0,12,38,58,84,143,227,387,551,707,838,951,993,1042,1040,891,703,529,381,329,330,266,244,267,258,218,218,182,164,182,238,255,252,261,281,265,197,161,124,147,175,192,217,276,228,115,0,0,154,329,401,360,381,367,336,288,259,193,178,148,132,103,57,44,68,82,73,57,68,55,62,80,88,53,30,33,26,11,0,2,1,0,0,0
Wimbledon Park,0,0,0,0,0,0,0,0,0,0,0,2,3,5,8,14,21,26,36,60,94,141,181,209,214,194,155,118,93,70,56,51,48,44,38,38,37,37,37,39,41,39,36,34,33,35,35,35,33,34,32,34,34,35,35,41,42,42,43,67,77,79,66,69,63,58,49,45,40,33,25,19,17,14,11,10,10,10,8,7,7,7,7,8,6,5,4,3,1,1,1,0,0,0,0,0
Wood Green,0,0,0,0,0,0,0,0,0,0,0,0,32,58,91,127,194,263,350,457,548,536,503,564,700,726,635,533,477,429,367,306,266,250,230,214,220,221,205,191,196,201,197,195,199,202,204,204,204,200,201,205,216,218,220,227,242,259,264,302,330,339,308,292,278,254,220,193,183,163,133,114,108,104,95,93,91,86,74,70,75,75,68,59,54,48,41,33,19,7,3,3,2,0,0,0
Wood Lane,0,0,0,0,0,0,0,0,0,0,0,3,3,3,3,7,12,19,26,33,45,62,77,77,88,115,139,127,99,77,63,48,40,40,41,39,40,44,48,50,50,54,56,58,59,64,65,66,67,69,70,73,78,78,77,85,97,105,106,125,151,177,181,182,170,161,141,124,109,97,82,75,71,65,56,54,53,49,42,52,58,51,36,31,29,23,17,12,9,5,3,1,0,0,0,0
Woodford,0,0,0,0,0,0,0,0,0,0,0,0,19,34,47,65,109,144,172,229,307,367,417,498,591,586,490,377,294,233,189,165,139,126,113,109,105,103,93,90,89,89,84,83,82,77,69,66,65,61,56,55,69,81,82,85,98,103,96,105,116,113,99,101,101,91,74,66,59,52,41,36,32,28,23,23,17,18,18,17,17,14,13,12,12,9,8,6,4,1,1,0,0,0,0,0
Woodside Park,0,0,0,0,0,0,0,0,0,0,0,0,3,8,12,18,30,46,64,96,124,171,230,313,342,317,245,193,150,120,92,80,69,61,49,49,50,48,42,40,42,42,40,38,38,40,34,32,31,29,25,38,49,48,38,43,43,40,38,45,50,53,49,50,47,45,34,28,24,20,17,16,16,14,11,20,13,9,8,10,10,10,7,6,6,5,5,3,1,1,1,0,0,0,0,0